Antigen,Protein,CIWD3.0,CWD2.0,EURCWD,24,45,49,66,73,76,77,80,82,83,90,91,99,103,109,138,143,147,158,163,175,177
Cw1,C*01:02,C,C,C,,,,K,T,V,S,N,R,G,,,C,,,T,,,,T,,E
Cw2,C*02:02,C,C,C,,G,,K,T,V,N,K,R,G,,,,,,,T,,,E,,E
Cw9,C*03:03,C,C,C,,G,A,K,,V,S,N,R,G,,R,,V,,,,W,,L,,E
Cw0304,C*03:04,C,C,C,,G,A,K,,V,S,N,R,G,,G,,V,,,,W,,L,,E
Cw0307,C*03:07,C,WD,,,G,A,K,,V,N,K,R,G,,G,,V,,,,W,,L,,E
Cw0308,C*03:08,C,WD,,,G,A,N,,V,S,N,R,G,,G,,V,,,,W,,L,,E
Cw0401,C*04:01,C,C,C,A,,E,K,A,V,N,K,,,D,G,,,,,,,,T,,
Cw0403,C*04:03,C,C,C,A,,A,K,A,V,N,K,,,D,G,,,,,,,,T,,
Cw0408,C*04:08,C,WD,,A,,E,K,A,V,N,K,,,D,G,,,,,,,,L,,
Cw0410,C*04:10,C,WD,,A,,E,K,T,V,N,K,,,D,G,,,,,,,,T,,
Cw0427,C*04:27,C,WD,,A,,A,K,A,V,N,K,,,D,R,,,,,,,,T,,
Cw0501,C*05:01,C,C,C,,,A,,T,V,N,K,,,,,,,,K,,,,T,,K
Cw0509,C*05:09,C,WD,WD,,,A,,T,V,N,K,,,,,,,,K,,,,T,,E
Cw0602,C*06:02,C,C,C,S,,A,K,A,V,N,K,R,G,,,Y,,,,T,,,T,G,
Cw0608,C*06:08,C,WD,,S,,A,K,A,V,N,K,R,G,,,Y,,,,T,,,E,G,
Cw0627,C*06:27,C,WD,,S,,A,K,A,V,N,K,R,G,,,Y,,,,T,,,T,W,
Cw0701,C*07:01,C,C,C,,,,N,A,V,S,N,,,D,,,,,,,L,,T,,E
Cw0702,C*07:02,C,C,C,,,,K,A,V,S,N,,,D,,,,,,,L,,T,,E
Cw0704,C*07:04,C,C,C,,,,K,A,V,S,N,,,D,,,,,,,L,,T,,K
Cw0707,C*07:07,I,WD,C,,,,N,A,V,N,K,,,A,,,,,,,L,,T,,E
Cw0717,C*07:17,C,WD,WD,,,,K,A,V,S,N,,,D,,,,,,,W,,T,,E
Cw0801,C*08:01,C,C,C,,,,,T,V,S,N,,,,,,,,T,,,,T,G,K
Cw0802,C*08:02,C,C,C,,,,,T,V,S,N,,,,,,,,K,,,,T,G,K
Cw0803,C*08:03,C,C,,,,,,T,V,S,N,,,,,,,,T,,,,T,R,K
Cw0806,C*08:06,C,WD,,,,,,T,V,S,N,,,,,,,,T,,,,A,R,K
Cw0810,C*08:10,C,WD,,,,A,,T,V,N,K,,,,,,,,T,,,,T,,K
Cw1202,C*12:02,C,C,C,,,,,A,V,S,N,R,G,A,,,,,,,W,A,T,,E
Cw1204,C*12:04,C,C,,A,,A,K,A,V,N,K,R,G,A,,,,,,,W,A,T,,
Cw1212,C*12:12,C,WD,,,G,,,A,E,S,N,R,G,A,,,,,,,W,A,T,,
Cw14,C*14:02,C,C,C,,,,,T,V,S,N,,,,,F,,,,,,,T,,E
Cw1502,C*15:02,C,C,C,,,,N,T,V,N,K,R,G,,,,,,,,,,T,,E
Cw1507,C*15:07,C,WD,WD,,,,N,T,V,S,N,R,G,,,,,,,,,,T,,E
Cw1601,C*16:01,C,C,C,,G,,K,T,V,S,N,,,,,Y,,,T,,,,T,,E
Cw1602,C*16:02,C,C,C,,G,,K,T,V,N,K,,,,,Y,,,T,,,,T,,E
Cw17,C*17:01,C,C,C,,,,,,V,N,K,,,,,,,,,S,L,,E,,
Cw18,C*18:01,C,C,WD,S,,A,,A,V,N,K,,,,,F,,,,,,,,,
