Protein,Qualifier,Associated,Split,Broad,CIWD3.0,CWD2.0,EURCWD
DQA1*01:01,F,,,DQA01,,C,C
DQA1*01:02,F,,,DQA01,,C,C
DQA1*01:03,S,,,DQA01,,C,C
DQA1*01:04,F,,,DQA01,,C,C
DQA1*01:05,F,,,DQA01,,C,WD
DQA1*01:06,F,,,DQA01,,,
DQA1*01:08,F,,,DQA01,,,
DQA1*01:09,F,,,DQA01,,,
DQA1*01:10,S,,,DQA01,,,
DQA1*01:11,F,,,DQA01,,,
DQA1*01:12,F,,,DQA01,,,
DQA1*01:13,F,,,DQA01,,,
DQA1*01:14,S,,,DQA01,,,
DQA1*01:17,S,,,DQA01,,,
DQA1*01:18,F,,,DQA01,,,
DQA1*01:19,F,,,DQA01,,,
DQA1*01:20,F,,,DQA01,,,
DQA1*01:21,F,,,DQA01,,,
DQA1*01:22,F,,,DQA01,,,
DQA1*01:23,F,,,DQA01,,,
DQA1*01:24,S,,,DQA01,,,
DQA1*01:25,F,,,DQA01,,,
DQA1*01:26,F,,,DQA01,,,
DQA1*01:27,F,,,DQA01,,,
DQA1*01:28,F,,,DQA01,,,
DQA1*01:29,F,,,DQA01,,,
DQA1*01:30,S,,,DQA01,,,
DQA1*01:31,F,,,DQA01,,,
DQA1*01:32,F,,,DQA01,,,
DQA1*01:33,S,,,DQA01,,,
DQA1*01:34,F,,,DQA01,,,
DQA1*01:35,F,,,DQA01,,,
DQA1*01:36,F,,,DQA01,,,
DQA1*01:37,I,,,DQA01,,,,DQA01_56
DQA1*01:38,F,,,DQA01,,,
DQA1*01:39,F,,,DQA01,,,
DQA1*01:41,F,,,DQA01,,,
DQA1*01:42,F,,,DQA01,,,
DQA1*01:43,F,,,DQA01,,,
DQA1*01:44,S,,,DQA01,,,
DQA1*01:45,S,,,DQA01,,,
DQA1*01:46,F,,,DQA01,,,
DQA1*01:47,I,,,DQA01,,,,DQA01_56
DQA1*01:48,F,,,DQA01,,,
DQA1*01:49,F,,,DQA01,,,
DQA1*01:50,S,,,DQA01,,,
DQA1*01:51,F,,,DQA01,,,
DQA1*01:52,F,,,DQA01,,,
DQA1*01:53,F,,,DQA01,,,
DQA1*01:54,F,,,DQA01,,,
DQA1*01:55,F,,,DQA01,,,
DQA1*01:56,F,,,DQA01,,,
DQA1*01:57,S,,,DQA01,,,
DQA1*01:58,F,,,DQA01,,,
DQA1*01:59,F,,,DQA01,,,
DQA1*01:60,F,,,DQA01,,,
DQA1*01:61,F,,,DQA01,,,
DQA1*01:62,F,,,DQA01,,,
DQA1*01:63,F,,,DQA01,,,
DQA1*01:64,F,,,DQA01,,,
DQA1*01:65,S,,,DQA01,,,
DQA1*01:66,F,,,DQA01,,,
DQA1*01:67,F,,,DQA01,,,
DQA1*01:68,S,,,DQA01,,,
DQA1*01:69,F,,,DQA01,,,
DQA1*01:70,S,,,DQA01,,,
DQA1*01:71,F,,,DQA01,,,
DQA1*01:72,F,,,DQA01,,,
DQA1*01:73,F,,,DQA01,,,
DQA1*01:74,F,,,DQA01,,,
DQA1*01:75,F,,,DQA01,,,
DQA1*01:76,S,,,DQA01,,,
DQA1*01:77,F,,,DQA01,,,
DQA1*01:78,S,,,DQA01,,,
DQA1*01:79,S,,,DQA01,,,
DQA1*01:80,F,,,DQA01,,,
DQA1*01:81,F,,,DQA01,,,
DQA1*01:82,S,,,DQA01,,,
DQA1*01:83,F,,,DQA01,,,
DQA1*01:84,S,,,DQA01,,,
DQA1*01:85,F,,,DQA01,,,
DQA1*01:86,F,,,DQA01,,,
DQA1*01:87,S,,,DQA01,,,
DQA1*01:89,F,,,DQA01,,,
DQA1*01:90,F,,,DQA01,,,
DQA1*01:91,F,,,DQA01,,,
DQA1*01:92,F,,,DQA01,,,
DQA1*01:93,F,,,DQA01,,,
DQA1*01:94,F,,,DQA01,,,
DQA1*01:95,F,,,DQA01,,,
DQA1*01:96,F,,,DQA01,,,
DQA1*01:97,S,,,DQA01,,,
DQA1*01:98,F,,,DQA01,,,
DQA1*01:99,F,,,DQA01,,,
DQA1*01:100,F,,,DQA01,,,
DQA1*01:101,S,,,DQA01,,,
DQA1*01:102,S,,,DQA01,,,
DQA1*01:103,F,,,DQA01,,,
DQA1*01:104,F,,,DQA01,,,
DQA1*01:105,F,,,DQA01,,,
DQA1*01:106,F,,,DQA01,,,
DQA1*01:107,F,,,DQA01,,,
DQA1*01:108,S,,,DQA01,,,
DQA1*01:109,F,,,DQA01,,,
DQA1*01:110,F,,,DQA01,,,
DQA1*01:111,F,,,DQA01,,,
DQA1*01:112,F,,,DQA01,,,
DQA1*01:114,F,,,DQA01,,,
DQA1*01:115,F,,,DQA01,,,
DQA1*01:116,F,,,DQA01,,,
DQA1*01:117,F,,,DQA01,,,
DQA1*01:118,I,,,DQA01,,,,DQA01_51
DQA1*01:119,S,,,DQA01,,,
DQA1*01:120,F,,,DQA01,,,
DQA1*01:121,S,,,DQA01,,,
DQA1*01:123,S,,,DQA01,,,
DQA1*01:124,F,,,DQA01,,,
DQA1*01:125,F,,,DQA01,,,
DQA1*01:126,F,,,DQA01,,,
DQA1*01:127,F,,,DQA01,,,
DQA1*01:128,F,,,DQA01,,,
DQA1*01:129,F,,,DQA01,,,
DQA1*01:130,F,,,DQA01,,,
DQA1*01:131,F,,,DQA01,,,
DQA1*01:132,F,,,DQA01,,,
DQA1*01:134,F,,,DQA01,,,
DQA1*01:135,I,,,DQA01,,,,DQA01_53
DQA1*01:137,F,,,DQA01,,,
DQA1*01:138,S,,,DQA01,,,
DQA1*01:139,S,,,DQA01,,,
DQA1*01:140,F,,,DQA01,,,
DQA1*01:141,F,,,DQA01,,,
DQA1*01:142,F,,,DQA01,,,
DQA1*01:143,F,,,DQA01,,,
DQA1*01:144,F,,,DQA01,,,
DQA1*01:145,F,,,DQA01,,,
DQA1*01:146,S,,,DQA01,,,
DQA1*01:147,S,,,DQA01,,,
DQA1*01:148,F,,,DQA01,,,
DQA1*01:149,F,,,DQA01,,,
DQA1*01:150,F,,,DQA01,,,
DQA1*01:151,F,,,DQA01,,,
DQA1*01:152,F,,,DQA01,,,
DQA1*01:153,F,,,DQA01,,,
DQA1*01:154,F,,,DQA01,,,
DQA1*01:155,F,,,DQA01,,,
DQA1*01:156,F,,,DQA01,,,
DQA1*01:157,F,,,DQA01,,,
DQA1*01:158,F,,,DQA01,,,
DQA1*01:159,S,,,DQA01,,,
DQA1*01:160,F,,,DQA01,,,
DQA1*01:161,S,,,DQA01,,,
DQA1*01:162,S,,,DQA01,,,
DQA1*01:163,F,,,DQA01,,,
DQA1*01:164,F,,,DQA01,,,
DQA1*01:165,F,,,DQA01,,,
DQA1*01:166,F,,,DQA01,,,
DQA1*01:168,F,,,DQA01,,,
DQA1*01:169,F,,,DQA01,,,
DQA1*01:170,S,,,DQA01,,,
DQA1*01:171,F,,,DQA01,,,
DQA1*01:172,F,,,DQA01,,,
DQA1*01:173,S,,,DQA01,,,
DQA1*01:174,F,,,DQA01,,,
DQA1*01:175,F,,,DQA01,,,
DQA1*01:176,S,,,DQA01,,,
DQA1*01:177,I,,,DQA01,,,,DQA01_56
DQA1*01:178,F,,,DQA01,,,
DQA1*01:179,F,,,DQA01,,,
DQA1*01:180,S,,,DQA01,,,
DQA1*01:182,F,,,DQA01,,,
DQA1*01:183,S,,,DQA01,,,
DQA1*01:184,F,,,DQA01,,,
DQA1*01:186,S,,,DQA01,,,
DQA1*01:187,F,,,DQA01,,,
DQA1*01:188,F,,,DQA01,,,
DQA1*01:189,F,,,DQA01,,,
DQA1*01:190,I,,,DQA01,,,,DQA01_76
DQA1*01:191,F,,,DQA01,,,
DQA1*01:192,F,,,DQA01,,,
DQA1*01:193,F,,,DQA01,,,
DQA1*01:194,F,,,DQA01,,,
DQA1*02:01,F,,,DQA02,,C,C
DQA1*02:03,F,,,DQA02,,,
DQA1*02:04,F,,,DQA02,,,
DQA1*02:05,F,,,DQA02,,,
DQA1*02:07,F,,,DQA02,,,
DQA1*02:08,F,,,DQA02,,,
DQA1*02:09,F,,,DQA02,,,
DQA1*02:10,S,,,DQA02,,,
DQA1*02:11,F,,,DQA02,,,
DQA1*02:12,F,,,DQA02,,,
DQA1*02:13,F,,,DQA02,,,
DQA1*02:14,F,,,DQA02,,,
DQA1*02:15,F,,,DQA02,,,
DQA1*02:16,F,,,DQA02,,,
DQA1*02:17,F,,,DQA02,,,
DQA1*02:18,F,,,DQA02,,,
DQA1*02:19,F,,,DQA02,,,
DQA1*02:20,F,,,DQA02,,,
DQA1*02:21,F,,,DQA02,,,
DQA1*02:22,F,,,DQA02,,,
DQA1*02:23,F,,,DQA02,,,
DQA1*02:24,F,,,DQA02,,,
DQA1*02:25,F,,,DQA02,,,
DQA1*02:26,F,,,DQA02,,,
DQA1*02:27,F,,,DQA02,,,
DQA1*02:28,F,,,DQA02,,,
DQA1*02:29,F,,,DQA02,,,
DQA1*02:30,F,,,DQA02,,,
DQA1*02:31,F,,,DQA02,,,
DQA1*02:32,F,,,DQA02,,,
DQA1*02:33,F,,,DQA02,,,
DQA1*02:34,I,,,DQA02,,,,DQA02_25
DQA1*02:35,F,,,DQA02,,,
DQA1*02:36,F,,,DQA02,,,
DQA1*02:37,F,,,DQA02,,,
DQA1*02:39,F,,,DQA02,,,
DQA1*02:40,F,,,DQA02,,,
DQA1*02:41,F,,,DQA02,,,
DQA1*02:42,F,,,DQA02,,,
DQA1*02:43,F,,,DQA02,,,
DQA1*02:44,F,,,DQA02,,,
DQA1*02:45,F,,,DQA02,,,
DQA1*02:46,F,,,DQA02,,,
DQA1*02:47,F,,,DQA02,,,
DQA1*02:48,F,,,DQA02,,,
DQA1*02:49,F,,,DQA02,,,
DQA1*02:50,F,,,DQA02,,,
DQA1*02:51,F,,,DQA02,,,
DQA1*02:53,F,,,DQA02,,,
DQA1*02:54,F,,,DQA02,,,
DQA1*03:01,F,,,DQA03,,C,C
DQA1*03:02,F,,,DQA03,,C,C
DQA1*03:03,F,,,DQA03,,C,C
DQA1*03:04,F,,,DQA03,,,
DQA1*03:05,F,,,DQA03,,,
DQA1*03:06,F,,,DQA03,,,
DQA1*03:07,F,,,DQA03,,,
DQA1*03:08,F,,,DQA03,,,
DQA1*03:09,F,,,DQA03,,,
DQA1*03:10,S,,,DQA03,,,
DQA1*03:11,F,,,DQA03,,,
DQA1*03:12,F,,,DQA03,,,
DQA1*03:13,F,,,DQA03,,,
DQA1*03:14,F,,,DQA03,,,
DQA1*03:15,F,,,DQA03,,,
DQA1*03:16,S,,,DQA03,,,
DQA1*03:17,F,,,DQA03,,,
DQA1*03:18,F,,,DQA03,,,
DQA1*03:19,S,,,DQA03,,,
DQA1*03:20,F,,,DQA03,,,
DQA1*03:21,F,,,DQA03,,,
DQA1*03:22,F,,,DQA03,,,
DQA1*03:23,F,,,DQA03,,,
DQA1*03:24,I,,,DQA03,,,,DQA03_76
DQA1*03:25,F,,,DQA03,,,
DQA1*03:26,F,,,DQA03,,,
DQA1*03:28,F,,,DQA03,,,
DQA1*03:29,F,,,DQA03,,,
DQA1*03:30,F,,,DQA03,,,
DQA1*03:31,F,,,DQA03,,,
DQA1*03:33,F,,,DQA03,,,
DQA1*03:35,F,,,DQA03,,,
DQA1*03:36,F,,,DQA03,,,
DQA1*03:37,F,,,DQA03,,,
DQA1*03:38,F,,,DQA03,,,
DQA1*03:39,F,,,DQA03,,,
DQA1*03:40,F,,,DQA03,,,
DQA1*03:41,F,,,DQA03,,,
DQA1*03:42,F,,,DQA03,,,
DQA1*03:43,F,,,DQA03,,,
DQA1*03:44,F,,,DQA03,,,
DQA1*03:45,F,,,DQA03,,,
DQA1*03:46,F,,,DQA03,,,
DQA1*03:47,F,,,DQA03,,,
DQA1*03:48,F,,,DQA03,,,
DQA1*03:49,S,,,DQA03,,,
DQA1*03:51,S,,,DQA03,,,
DQA1*03:52,F,,,DQA03,,,
DQA1*03:53,F,,,DQA03,,,
DQA1*03:54,F,,,DQA03,,,
DQA1*03:55,F,,,DQA03,,,
DQA1*03:56,F,,,DQA03,,,
DQA1*03:57,F,,,DQA03,,,
DQA1*03:60,F,,,DQA03,,,
DQA1*03:61,S,,,DQA03,,,
DQA1*03:62,F,,,DQA03,,,
DQA1*03:63,F,,,DQA03,,,
DQA1*03:64,F,,,DQA03,,,
DQA1*03:65,F,,,DQA03,,,
DQA1*03:66,F,,,DQA03,,,
DQA1*03:67,F,,,DQA03,,,
DQA1*03:68,F,,,DQA03,,,
DQA1*03:69,F,,,DQA03,,,
DQA1*03:70,F,,,DQA03,,,
DQA1*03:71,S,,,DQA03,,,
DQA1*03:72,F,,,DQA03,,,
DQA1*03:73,F,,,DQA03,,,
DQA1*03:74,F,,,DQA03,,,
DQA1*03:75,F,,,DQA03,,,
DQA1*03:76,F,,,DQA03,,,
DQA1*03:77,F,,,DQA03,,,
DQA1*03:78,F,,,DQA03,,,
DQA1*03:79,F,,,DQA03,,,
DQA1*03:80,F,,,DQA03,,,
DQA1*03:81,F,,,DQA03,,,
DQA1*03:82,F,,,DQA03,,,
DQA1*03:83,F,,,DQA03,,,
DQA1*03:84,F,,,DQA03,,,
DQA1*03:85,F,,,DQA03,,,
DQA1*03:86,F,,,DQA03,,,
DQA1*03:87,F,,,DQA03,,,
DQA1*03:89,F,,,DQA03,,,
DQA1*03:90,F,,,DQA03,,,
DQA1*03:91,F,,,DQA03,,,
DQA1*03:92,F,,,DQA03,,,
DQA1*04:01,F,,,DQA04,,C,C
DQA1*04:02,F,,,DQA04,,,WD
DQA1*04:04,F,,,DQA04,,,
DQA1*04:05,F,,,DQA04,,,
DQA1*04:06,I,,,DQA04,,,,DQA04_51
DQA1*04:07,F,,,DQA04,,,
DQA1*04:08,F,,,DQA04,,,
DQA1*04:09,F,,,DQA04,,,
DQA1*04:10,F,,,DQA04,,,
DQA1*04:11,F,,,DQA04,,,
DQA1*04:13,F,,,DQA04,,,
DQA1*04:15,F,,,DQA04,,,
DQA1*04:16,F,,,DQA04,,,
DQA1*04:17,F,,,DQA04,,,
DQA1*04:18,F,,,DQA04,,,
DQA1*04:19,F,,,DQA04,,,
DQA1*04:20,F,,,DQA04,,,
DQA1*04:22,F,,,DQA04,,,
DQA1*04:23,F,,,DQA04,,,
DQA1*04:24,F,,,DQA04,,,
DQA1*04:25,F,,,DQA04,,,
DQA1*04:26,F,,,DQA04,,,
DQA1*04:27,F,,,DQA04,,,
DQA1*05:01,F,,,DQA05,,C,C
DQA1*05:02,F,,,DQA05,,WD,WD
DQA1*05:03,F,,,DQA05,,C,WD
DQA1*05:04,F,,,DQA05,,,
DQA1*05:05,F,,,DQA05,,C,C
DQA1*05:06,F,,,DQA05,,,
DQA1*05:07,F,,,DQA05,,,
DQA1*05:08,F,,,DQA05,,C,
DQA1*05:09,F,,,DQA05,,WD,WD
DQA1*05:10,S,,,DQA05,,,WD
DQA1*05:11,F,,,DQA05,,,
DQA1*05:12,F,,,DQA05,,,
DQA1*05:13,F,,,DQA05,,,
DQA1*05:14,F,,,DQA05,,,
DQA1*05:16,F,,,DQA05,,,
DQA1*05:18,F,,,DQA05,,,
DQA1*05:19,F,,,DQA05,,,
DQA1*05:20,F,,,DQA05,,,
DQA1*05:21,F,,,DQA05,,,
DQA1*05:22,F,,,DQA05,,,
DQA1*05:23,F,,,DQA05,,,
DQA1*05:24,F,,,DQA05,,,
DQA1*05:25,F,,,DQA05,,,
DQA1*05:26,S,,,DQA05,,,
DQA1*05:27,F,,,DQA05,,,
DQA1*05:28,F,,,DQA05,,,
DQA1*05:30,F,,,DQA05,,,
DQA1*05:31,F,,,DQA05,,,
DQA1*05:32,F,,,DQA05,,,
DQA1*05:33,F,,,DQA05,,,
DQA1*05:34,F,,,DQA05,,,
DQA1*05:35,F,,,DQA05,,,
DQA1*05:37,F,,,DQA05,,,
DQA1*05:38,F,,,DQA05,,,
DQA1*05:39,F,,,DQA05,,,
DQA1*05:40,F,,,DQA05,,,
DQA1*05:41,F,,,DQA05,,,
DQA1*05:42,F,,,DQA05,,,
DQA1*05:43,F,,,DQA05,,,
DQA1*05:44,F,,,DQA05,,,
DQA1*05:45,F,,,DQA05,,,
DQA1*05:46,F,,,DQA05,,,
DQA1*05:47,F,,,DQA05,,,
DQA1*05:48,F,,,DQA05,,,
DQA1*05:49,F,,,DQA05,,,
DQA1*05:50,F,,,DQA05,,,
DQA1*05:51,F,,,DQA05,,,
DQA1*05:52,F,,,DQA05,,,
DQA1*05:53,F,,,DQA05,,,
DQA1*05:55,F,,,DQA05,,,
DQA1*05:56,F,,,DQA05,,,
DQA1*05:57,F,,,DQA05,,,
DQA1*05:58,F,,,DQA05,,,
DQA1*05:59,F,,,DQA05,,,
DQA1*05:60,F,,,DQA05,,,
DQA1*05:61,F,,,DQA05,,,
DQA1*05:62,F,,,DQA05,,,
DQA1*05:63,I,,,DQA05,,,,DQA05_52
DQA1*05:64,F,,,DQA05,,,
DQA1*05:65,F,,,DQA05,,,
DQA1*05:66,F,,,DQA05,,,
DQA1*05:67,F,,,DQA05,,,
DQA1*05:68,F,,,DQA05,,,
DQA1*05:69,F,,,DQA05,,,
DQA1*05:70,F,,,DQA05,,,
DQA1*05:71,F,,,DQA05,,,
DQA1*05:72,F,,,DQA05,,,
DQA1*05:73,F,,,DQA05,,,
DQA1*05:74,F,,,DQA05,,,
DQA1*05:75,F,,,DQA05,,,
DQA1*05:76,F,,,DQA05,,,
DQA1*05:77,F,,,DQA05,,,
DQA1*05:78,F,,,DQA05,,,
DQA1*05:79,F,,,DQA05,,,
DQA1*05:80,F,,,DQA05,,,
DQA1*05:81,F,,,DQA05,,,
DQA1*05:82,F,,,DQA05,,,
DQA1*05:83,F,,,DQA05,,,
DQA1*05:86,F,,,DQA05,,,
DQA1*05:87,F,,,DQA05,,,
DQA1*05:88,F,,,DQA05,,,
DQA1*05:89,F,,,DQA05,,,
DQA1*05:90,F,,,DQA05,,,
DQA1*05:91,F,,,DQA05,,,
DQA1*05:92,F,,,DQA05,,,
DQA1*05:93,I,,,DQA05,,,,DQA05_25,DQA06_74
DQA1*05:94,F,,,DQA05,,,
DQA1*05:95,F,,,DQA05,,,
DQA1*05:96,F,,,DQA05,,,
DQA1*05:97,F,,,DQA05,,,
DQA1*05:98,F,,,DQA05,,,
DQA1*05:99,F,,,DQA05,,,
DQA1*05:100,S,,,DQA05,,,
DQA1*05:101,F,,,DQA05,,,
DQA1*05:102,F,,,DQA05,,,
DQA1*05:103,F,,,DQA05,,,
DQA1*05:104,F,,,DQA05,,,
DQA1*05:105,F,,,DQA05,,,
DQA1*05:106,F,,,DQA05,,,
DQA1*05:107,F,,,DQA05,,,
DQA1*05:108,F,,,DQA05,,,
DQA1*05:109,F,,,DQA05,,,
DQA1*05:110,F,,,DQA05,,,
DQA1*05:111,F,,,DQA05,,,
DQA1*05:112,F,,,DQA05,,,
DQA1*05:113,F,,,DQA05,,,
DQA1*05:114,F,,,DQA05,,,
DQA1*05:115,F,,,DQA05,,,
DQA1*05:117,F,,,DQA05,,,
DQA1*05:118,F,,,DQA05,,,
DQA1*05:119,F,,,DQA05,,,
DQA1*05:120,F,,,DQA05,,,
DQA1*05:121,F,,,DQA05,,,
DQA1*05:122,F,,,DQA05,,,
DQA1*05:123,F,,,DQA05,,,
DQA1*05:124,F,,,DQA05,,,
DQA1*05:125,F,,,DQA05,,,
DQA1*05:126,F,,,DQA05,,,
DQA1*05:127,F,,,DQA05,,,
DQA1*05:128,I,,,DQA05,,,,DQA05_51
DQA1*05:129,F,,,DQA05,,,
DQA1*05:130,F,,,DQA05,,,
DQA1*05:131,F,,,DQA05,,,
DQA1*05:132,F,,,DQA05,,,
DQA1*06:01,F,,,DQA06,,WD,WD
DQA1*06:02,F,,,DQA06,,,WD
DQA1*06:03,F,,,DQA06,,,
DQA1*06:04,F,,,DQA06,,,
DQA1*06:06,F,,,DQA06,,,
DQA1*06:07,F,,,DQA06,,,
DQA1*06:08,F,,,DQA06,,,
DQA1*06:09,F,,,DQA06,,,
DQA1*06:10,F,,,DQA06,,,
DQA1*06:11,F,,,DQA06,,,
DQA1*06:12,F,,,DQA06,,,
DQA1*06:13,F,,,DQA06,,,
