Allele,Serotype,Qualifiers,COMMENT,ImputedAntigen,Broad,CIWD3.0,CWD2.0,EURCWD,DR5X
DRB1*09:07,DR-5101,S,SEROTYPE,DR51,DR51,,,,
DRB5*01:01,DR-5101,F,FULL,DR51,DR51,WD,C,,
DRB5*01:02,DR-5101,F,FULL,DR51,DR51,WD,C,,
DRB5*01:03,DR-5103,F,FULL,DR51,DR51,WD,C,,
DRB5*01:04,DR-5101,S,SEROTYPE,DR51,DR51,WD,,,
DRB5*01:05,DR-5101,F,FULL,DR51,DR51,WD,,,
DRB5*01:06,DR-5102,F,FULL,DR51,DR51,WD,,,
DRB5*01:07,DR-5101,S,SEROTYPE,DR51,DR51,,,,
DRB5*01:09,DR-5101,S,SEROTYPE,DR51,DR51,WD,,,
DRB5*01:11,DR-5102,F,FULL,DR51,DR51,WD,,,
DRB5*01:12,DR-5101,S,SEROTYPE,DR51,DR51,,,,
DRB5*01:13,DR-5101,S,SEROTYPE,DR51,DR51,,,,
DRB5*01:14,DR-5101,F,FULL,DR51,DR51,,,,
DRB5*01:15,DR-5101,F,FULL,DR51,DR51,WD,,,
DRB5*01:16,DR-5101,F,FULL,DR51,DR51,,,,
DRB5*01:17,DR-5101,F,FULL,DR51,DR51,,,,
DRB5*01:18,DR-5101,F,FULL,DR51,DR51,,,,
DRB5*01:19,DR-5101,F,FULL,DR51,DR51,,,,
DRB5*01:20,DR-5101,F,FULL,DR51,DR51,WD,,,
DRB5*01:21,DR-5102,F,FULL,DR51,DR51,,,,
DRB5*01:22,DR-5101,S,SEROTYPE,DR51,DR51,,,,
DRB5*01:23,DR-5101,F,FULL,DR51,DR51,,,,
DRB5*01:24,DR-5101,F,FULL,DR51,DR51,,,,
DRB5*01:25,DR-5101,F,FULL,DR51,DR51,,,,
DRB5*01:26,DR-5101,I,SHORT-CROSSREACTIVE,DR51,DR51,,,,,DR-5101_9,DR-5102_9,DR-5103_9
DRB5*01:28,DR-5101,F,FULL,DR51,DR51,,,,
DRB5*01:29,DR-5101,F,FULL,DR51,DR51,,,,
DRB5*01:30,DR-5101,F,FULL,DR51,DR51,,,,
DRB5*01:31,DR-5101,F,FULL,DR51,DR51,,,,
DRB5*01:32,DR-5101,F,FULL,DR51,DR51,,,,
DRB5*01:33,DR-5101,F,FULL,DR51,DR51,,,,
DRB5*01:34,DR-5101,S,SEROTYPE,DR51,DR51,,,,
DRB5*01:35,DR-5101,S,SEROTYPE,DR51,DR51,,,,
DRB5*01:36,DR-5101,F,FULL,DR51,DR51,,,,
DRB5*01:37,DR-5101,S,SEROTYPE,DR51,DR51,,,,
DRB5*01:38,DR-5101,F,FULL,DR51,DR51,,,,
DRB5*01:39,DR-5101,I,SHORT-CROSSREACTIVE,DR51,DR51,,,,,DR-5101_12,DR-5102_12,DR-5103_12
DRB5*01:40,DR-5101,F,FULL,DR51,DR51,,,,
DRB5*01:41,DR-5101,S,SEROTYPE,DR51,DR51,,,,
DRB5*01:42,DR-5101,F,FULL,DR51,DR51,,,,
DRB5*01:43,DR-5101,S,SEROTYPE,DR51,DR51,,,,
DRB5*01:44,DR-5101,F,FULL,DR51,DR51,,,,
DRB5*01:45,DR-5101,F,FULL,DR51,DR51,,,,
DRB5*01:46,DR-5101,S,SEROTYPE,DR51,DR51,,,,
DRB5*01:47,DR-5101,F,FULL,DR51,DR51,,,,
DRB5*01:50,DR-5101,F,FULL,DR51,DR51,,,,
DRB5*01:51,DR-5101,F,FULL,DR51,DR51,,,,
DRB5*01:54,DR-5101,F,FULL,DR51,DR51,,,,
DRB5*01:55,DR-5101,S,SEROTYPE,DR51,DR51,,,,
DRB5*01:56,DR-5101,F,FULL,DR51,DR51,,,,
DRB5*01:57,DR-5101,F,FULL,DR51,DR51,,,,
DRB5*01:59,DR-5101,F,FULL,DR51,DR51,,,,
DRB5*01:60,DR-5101,F,FULL,DR51,DR51,,,,
DRB5*01:61,DR-5101,F,FULL,DR51,DR51,,,,
DRB5*01:62,DR-5101,S,SEROTYPE,DR51,DR51,,,,
DRB5*01:63,DR-5101,F,FULL,DR51,DR51,,,,
DRB5*01:64,DR-5101,S,SEROTYPE,DR51,DR51,,,,
DRB5*01:65,DR-5101,F,FULL,DR51,DR51,,,,
DRB5*01:66,DR-5101,F,FULL,DR51,DR51,,,,
DRB5*01:69,DR-5101,S,SEROTYPE,DR51,DR51,,,,
DRB5*01:70,DR-5101,F,FULL,DR51,DR51,,,,
DRB5*01:72,DR-5101,F,FULL,DR51,DR51,,,,
DRB5*01:73,DR-5101,S,SEROTYPE,DR51,DR51,,,,
DRB5*01:74,DR-5101,F,FULL,DR51,DR51,,,,
DRB5*01:75,DR-5101,F,FULL,DR51,DR51,,,,
DRB5*01:76,DR-5101,F,FULL,DR51,DR51,,,,
DRB5*01:77,DR-5101,F,FULL,DR51,DR51,,,,
DRB5*01:78,DR-5101,F,FULL,DR51,DR51,,,,
DRB5*01:80,DR-5101,F,FULL,DR51,DR51,,,,
DRB5*01:82,DR-5101,F,FULL,DR51,DR51,,,,
DRB5*01:84,DR-5101,F,FULL,DR51,DR51,,,,
DRB5*01:85,DR-5101,F,FULL,DR51,DR51,,,,
DRB5*01:86,DR-5101,F,FULL,DR51,DR51,,,,
DRB5*01:87,DR-5101,S,SEROTYPE,DR51,DR51,,,,
DRB5*01:88,DR-5101,F,FULL,DR51,DR51,,,,
DRB5*01:89,DR-5101,F,FULL,DR51,DR51,,,,
DRB5*01:90,DR-5101,F,FULL,DR51,DR51,,,,
DRB5*01:91,DR-5101,F,FULL,DR51,DR51,,,,
DRB5*01:93,DR-5101,F,FULL,DR51,DR51,,,,
DRB5*01:94,DR-5101,F,FULL,DR51,DR51,,,,
DRB5*01:95,DR-5101,F,FULL,DR51,DR51,,,,
DRB5*01:96,DR-5101,F,FULL,DR51,DR51,,,,
DRB5*01:97,DR-5101,I,SHORT-CROSSREACTIVE,DR51,DR51,,,,,DR-5101_12,DR-5102_12,DR-5103_12
DRB5*01:98,DR-5101,I,SHORT-CROSSREACTIVE,DR51,DR51,,,,,DR-5101_11,DR-5102_11,DR-5103_11
DRB5*01:99,DR-5101,F,FULL,DR51,DR51,,,,
DRB5*01:100,DR-5102,F,FULL,DR51,DR51,,,,
DRB5*01:102,DR-5101,F,FULL,DR51,DR51,,,,
DRB5*01:103,DR-5101,F,FULL,DR51,DR51,,,,
DRB5*01:104,DR-5101,F,FULL,DR51,DR51,,,,
DRB5*01:105,DR-5101,F,FULL,DR51,DR51,,,,
DRB5*01:106,DR-5101,F,FULL,DR51,DR51,,,,
DRB5*01:107,DR-5101,F,FULL,DR51,DR51,,,,
DRB5*01:108,DR-5101,F,FULL,DR51,DR51,,,,
DRB5*01:109,DR-5101,F,FULL,DR51,DR51,,,,
DRB5*01:110,DR-5101,S,SEROTYPE,DR51,DR51,,,,
DRB5*01:111,DR-5101,F,FULL,DR51,DR51,,,,
DRB5*01:112,DR-5101,F,FULL,DR51,DR51,,,,
DRB5*01:113,DR-5101,F,FULL,DR51,DR51,,,,
DRB5*01:114,DR-5101,F,FULL,DR51,DR51,,,,
DRB5*01:115,DR-5101,F,FULL,DR51,DR51,,,,
DRB5*01:116,DR-5101,F,FULL,DR51,DR51,,,,
DRB5*01:117,DR-5101,F,FULL,DR51,DR51,,,,
DRB5*01:118,DR-5101,F,FULL,DR51,DR51,,,,
DRB5*01:119,DR-5101,F,FULL,DR51,DR51,,,,
DRB5*01:122,DR-5101,F,FULL,DR51,DR51,,,,
DRB5*01:123,DR-5101,F,FULL,DR51,DR51,,,,
DRB5*01:124,DR-5101,F,FULL,DR51,DR51,,,,
DRB5*01:126,DR-5101,F,FULL,DR51,DR51,,,,
DRB5*01:128,DR-5101,F,FULL,DR51,DR51,,,,
DRB5*01:129,DR-5101,F,FULL,DR51,DR51,,,,
DRB5*01:130,DR-5101,F,FULL,DR51,DR51,,,,
DRB5*01:132,DR-5101,F,FULL,DR51,DR51,,,,
DRB5*01:133,DR-5101,S,SEROTYPE,DR51,DR51,,,,
DRB5*02:02,DR-5102,F,FULL,DR51,DR51,WD,C,,
DRB5*02:03,DR-5102,F,FULL,DR51,DR51,WD,WD,,
DRB5*02:04,DR-5101,S,SEROTYPE,DR51,DR51,WD,,,
DRB5*02:05,DR-5101,S,SEROTYPE,DR51,DR51,,,,
DRB5*02:06,DR-5102,F,FULL,DR51,DR51,WD,,,
DRB5*02:07,DR-5102,F,FULL,DR51,DR51,,,,
DRB5*02:08,DR-5101,F,FULL,DR51,DR51,,,,
DRB5*02:09,DR-5102,F,FULL,DR51,DR51,,,,
DRB5*02:10,DR-5102,F,FULL,DR51,DR51,,,,
DRB5*02:11,DR-5102,F,FULL,DR51,DR51,,,,
DRB5*02:12,DR-5101,S,SEROTYPE,DR51,DR51,,,,
DRB5*02:13,DR-5102,F,FULL,DR51,DR51,,,,
DRB5*02:14,DR-5102,F,FULL,DR51,DR51,,,,
DRB5*02:15,DR-5102,F,FULL,DR51,DR51,,,,
DRB5*02:16,DR-5101,S,SEROTYPE,DR51,DR51,,,,
DRB5*02:17,DR-5102,F,FULL,DR51,DR51,,,,
DRB5*02:18,DR-5102,F,FULL,DR51,DR51,,,,
DRB5*02:20,DR-5101,S,SEROTYPE,DR51,DR51,,,,
DRB5*02:21,DR-5102,F,FULL,DR51,DR51,,,,
DRB5*02:22,DR-5102,F,FULL,DR51,DR51,,,,
DRB5*02:23,DR-5102,F,FULL,DR51,DR51,,,,
DRB5*02:24,DR-5101,S,SEROTYPE,DR51,DR51,,,,
DRB5*02:27,DR-5102,F,FULL,DR51,DR51,,,,
DRB5*02:28,DR-5102,F,FULL,DR51,DR51,,,,
DRB5*02:29,DR-5102,F,FULL,DR51,DR51,,,,
DRB5*02:30,DR-5102,F,FULL,DR51,DR51,,,,
DRB5*02:31,DR-5101,S,SEROTYPE,DR51,DR51,,,,
DRB5*02:32,DR-5102,F,FULL,DR51,DR51,,,,
DRB5*02:33,DR-5102,F,FULL,DR51,DR51,,,,
DRB5*02:34,DR-5102,F,FULL,DR51,DR51,,,,
DRB5*02:35,DR-5102,F,FULL,DR51,DR51,,,,
DRB5*02:36,DR-5102,F,FULL,DR51,DR51,,,,
DRB5*02:37,DR-5102,F,FULL,DR51,DR51,,,,
