Allele,COMMENT,Serotype,ImputedAntigen,Broad,CIWD3.0,CWD2.0,EURCWD,Bw46C12DR5X
DRB4*01:01:01:01,FULL,DR53,DR53,DR53,WD,C,,
DRB4*01:01:01:03,FULL,DR53,DR53,DR53,WD,C,,
DRB4*01:01:01:04,FULL,DR53,DR53,DR53,WD,C,,
DRB4*01:01:02,FULL,DR53,DR53,DR53,WD,C,,
DRB4*01:01:03,FULL,DR53,DR53,DR53,WD,C,,
DRB4*01:01:04,FULL,DR53,DR53,DR53,WD,C,,
DRB4*01:01:05,FULL,DR53,DR53,DR53,WD,C,,
DRB4*01:01:06,FULL,DR53,DR53,DR53,WD,C,,
DRB4*01:01:07,FULL,DR53,DR53,DR53,WD,C,,
DRB4*01:01:08,FULL,DR53,DR53,DR53,WD,C,,
DRB4*01:01:09,FULL,DR53,DR53,DR53,WD,C,,
DRB4*01:01:10,FULL,DR53,DR53,DR53,WD,C,,
DRB4*01:01:11,FULL,DR53,DR53,DR53,WD,C,,
DRB4*01:01:12,FULL,DR53,DR53,DR53,WD,C,,
DRB4*01:01:13,FULL,DR53,DR53,DR53,WD,C,,
DRB4*01:02,FULL,DR53,DR53,DR53,WD,C,,
DRB4*01:03:01:01,FULL,DR53,DR53,DR53,WD,C,,
DRB4*01:03:01:02N,,NULL
DRB4*01:03:01:03,FULL,DR53,DR53,DR53,WD,C,,
DRB4*01:03:01:04,FULL,DR53,DR53,DR53,WD,C,,
DRB4*01:03:01:05,FULL,DR53,DR53,DR53,WD,C,,
DRB4*01:03:01:06,FULL,DR53,DR53,DR53,WD,C,,
DRB4*01:03:01:07,FULL,DR53,DR53,DR53,WD,C,,
DRB4*01:03:01:08,FULL,DR53,DR53,DR53,WD,C,,
DRB4*01:03:01:09,FULL,DR53,DR53,DR53,WD,C,,
DRB4*01:03:01:10,FULL,DR53,DR53,DR53,WD,C,,
DRB4*01:03:01:11,FULL,DR53,DR53,DR53,WD,C,,
DRB4*01:03:01:12,FULL,DR53,DR53,DR53,WD,C,,
DRB4*01:03:01:13N,,NULL
DRB4*01:03:01:14,FULL,DR53,DR53,DR53,WD,C,,
DRB4*01:03:01:15,FULL,DR53,DR53,DR53,WD,C,,
DRB4*01:03:01:16,FULL,DR53,DR53,DR53,WD,C,,
DRB4*01:03:01:17,FULL,DR53,DR53,DR53,WD,C,,
DRB4*01:03:01:18,FULL,DR53,DR53,DR53,WD,C,,
DRB4*01:03:01:19,FULL,DR53,DR53,DR53,WD,C,,
DRB4*01:03:01:20,FULL,DR53,DR53,DR53,WD,C,,
DRB4*01:03:02:01,FULL,DR53,DR53,DR53,WD,C,,
DRB4*01:03:02:02,FULL,DR53,DR53,DR53,WD,C,,
DRB4*01:03:03,FULL,DR53,DR53,DR53,WD,C,,
DRB4*01:03:04,FULL,DR53,DR53,DR53,WD,C,,
DRB4*01:03:05,FULL,DR53,DR53,DR53,WD,C,,
DRB4*01:03:06,FULL,DR53,DR53,DR53,WD,C,,
DRB4*01:03:07,FULL,DR53,DR53,DR53,WD,C,,
DRB4*01:03:08,FULL,DR53,DR53,DR53,WD,C,,
DRB4*01:03:09,FULL,DR53,DR53,DR53,WD,C,,
DRB4*01:03:10,FULL,DR53,DR53,DR53,WD,C,,
DRB4*01:03:11,FULL,DR53,DR53,DR53,WD,C,,
DRB4*01:03:12,FULL,DR53,DR53,DR53,WD,C,,
DRB4*01:03:13,FULL,DR53,DR53,DR53,WD,C,,
DRB4*01:03:14,FULL,DR53,DR53,DR53,WD,C,,
DRB4*01:03:15,FULL,DR53,DR53,DR53,WD,C,,
DRB4*01:03:16,FULL,DR53,DR53,DR53,WD,C,,
DRB4*01:03:17,FULL,DR53,DR53,DR53,WD,C,,
DRB4*01:03:18,FULL,DR53,DR53,DR53,WD,C,,
DRB4*01:03:19,FULL,DR53,DR53,DR53,WD,C,,
DRB4*01:03:20,FULL,DR53,DR53,DR53,WD,C,,
DRB4*01:03:21,FULL,DR53,DR53,DR53,WD,C,,
DRB4*01:03:22,FULL,DR53,DR53,DR53,WD,C,,
DRB4*01:03:23,FULL,DR53,DR53,DR53,WD,C,,
DRB4*01:03:24,FULL,DR53,DR53,DR53,WD,C,,
DRB4*01:03:25,FULL,DR53,DR53,DR53,WD,C,,
DRB4*01:03:26,FULL,DR53,DR53,DR53,WD,C,,
DRB4*01:03:27,FULL,DR53,DR53,DR53,WD,C,,
DRB4*01:03:28,FULL,DR53,DR53,DR53,WD,C,,
DRB4*01:03:29,FULL,DR53,DR53,DR53,WD,C,,
DRB4*01:03:30,FULL,DR53,DR53,DR53,WD,C,,
DRB4*01:03:31,FULL,DR53,DR53,DR53,WD,C,,
DRB4*01:03:32,FULL,DR53,DR53,DR53,WD,C,,
DRB4*01:03:33,FULL,DR53,DR53,DR53,WD,C,,
DRB4*01:03:34,FULL,DR53,DR53,DR53,WD,C,,
DRB4*01:03:35,FULL,DR53,DR53,DR53,WD,C,,
DRB4*01:03:36,FULL,DR53,DR53,DR53,WD,C,,
DRB4*01:04,FULL,DR53,DR53,DR53,WD,,,
DRB4*01:05,FULL,DR53,DR53,DR53,WD,,,
DRB4*01:06,FULL,DR53,DR53,DR53,,,,
DRB4*01:07:01,FULL,DR53,DR53,DR53,WD,,,
DRB4*01:07:02,FULL,DR53,DR53,DR53,WD,,,
DRB4*01:08,FULL,DR53,DR53,DR53,,,,
DRB4*01:09,FULL,DR53,DR53,DR53,,,,
DRB4*01:10,FULL,DR53,DR53,DR53,,,,
DRB4*01:11,FULL,DR53,DR53,DR53,,,,
DRB4*01:12,FULL,DR53,DR53,DR53,,,,
DRB4*01:13,SEROTYPE,DR53,DR53,DR53,,,,
DRB4*01:14N,,NULL
DRB4*01:15,FULL,DR53,DR53,DR53,,,,
DRB4*01:16N,,NULL
DRB4*01:17,S,DR53,DR53,DR53,WD,,,,DR53_12
DRB4*01:18,SEROTYPE,DR53,DR53,DR53,,,,
DRB4*01:19,SEROTYPE,DR53,DR53,DR53,,,,
DRB4*01:20,FULL,DR53,DR53,DR53,,,,
DRB4*01:21,FULL,DR53,DR53,DR53,,,,
DRB4*01:22,FULL,DR53,DR53,DR53,,,,
DRB4*01:23,FULL,DR53,DR53,DR53,,,,
DRB4*01:24,FULL,DR53,DR53,DR53,,,,
DRB4*01:25,SEROTYPE,DR53,DR53,DR53,,,,
DRB4*01:26,FULL,DR53,DR53,DR53,,,,
DRB4*01:27,FULL,DR53,DR53,DR53,,,,
DRB4*01:28,FULL,DR53,DR53,DR53,,,,
DRB4*01:29,FULL,DR53,DR53,DR53,,,,
DRB4*01:30,FULL,DR53,DR53,DR53,,,,
DRB4*01:31,FULL,DR53,DR53,DR53,,,,
DRB4*01:32,FULL,DR53,DR53,DR53,,,,
DRB4*01:33,FULL,DR53,DR53,DR53,,,,
DRB4*01:34,FULL,DR53,DR53,DR53,,,,
DRB4*01:35,SEROTYPE,DR53,DR53,DR53,,,,
DRB4*01:36,FULL,DR53,DR53,DR53,,,,
DRB4*01:37,FULL,DR53,DR53,DR53,,,,
DRB4*01:38N,,NULL
DRB4*01:39,FULL,DR53,DR53,DR53,,,,
DRB4*01:40,FULL,DR53,DR53,DR53,,,,
DRB4*01:41,FULL,DR53,DR53,DR53,,,,
DRB4*01:42,FULL,DR53,DR53,DR53,,,,
DRB4*01:43,SEROTYPE,DR53,DR53,DR53,,,,
DRB4*01:44,FULL,DR53,DR53,DR53,,,,
DRB4*01:45,FULL,DR53,DR53,DR53,,,,
DRB4*01:46,FULL,DR53,DR53,DR53,,,,
DRB4*01:47,FULL,DR53,DR53,DR53,,,,
DRB4*01:48,FULL,DR53,DR53,DR53,,,,
DRB4*01:49,FULL,DR53,DR53,DR53,,,,
DRB4*01:50,FULL,DR53,DR53,DR53,,,,
DRB4*01:51,SEROTYPE,DR53,DR53,DR53,,,,
DRB4*01:52,FULL,DR53,DR53,DR53,,,,
DRB4*01:53,FULL,DR53,DR53,DR53,,,,
DRB4*01:54:01N,,NULL
DRB4*01:54:02N,,NULL
DRB4*01:55,SEROTYPE,DR53,DR53,DR53,,,,
DRB4*01:56N,,NULL
DRB4*01:57N,,NULL
DRB4*01:58,FULL,DR53,DR53,DR53,,,,
DRB4*01:59,FULL,DR53,DR53,DR53,,,,
DRB4*01:60,FULL,DR53,DR53,DR53,,,,
DRB4*01:61:01N,,NULL
DRB4*01:61:02N,,NULL
DRB4*01:62,FULL,DR53,DR53,DR53,,,,
DRB4*01:63,FULL,DR53,DR53,DR53,,,,
DRB4*01:64,FULL,DR53,DR53,DR53,,,,
DRB4*01:65N,,NULL
DRB4*01:66,FULL,DR53,DR53,DR53,,,,
DRB4*01:67,FULL,DR53,DR53,DR53,,,,
DRB4*01:68,FULL,DR53,DR53,DR53,,,,
DRB4*01:69,S,DR53,DR53,DR53,,,,,DR53_10
DRB4*01:70,FULL,DR53,DR53,DR53,,,,
DRB4*01:71N,,NULL
DRB4*01:72:01,FULL,DR53,DR53,DR53,,,,
DRB4*01:72:02,FULL,DR53,DR53,DR53,,,,
DRB4*01:73,FULL,DR53,DR53,DR53,,,,
DRB4*01:74,FULL,DR53,DR53,DR53,,,,
DRB4*01:75,SEROTYPE,DR53,DR53,DR53,,,,
DRB4*01:76:01,FULL,DR53,DR53,DR53,,,,
DRB4*01:76:02,FULL,DR53,DR53,DR53,,,,
DRB4*01:77,FULL,DR53,DR53,DR53,,,,
DRB4*01:78,FULL,DR53,DR53,DR53,,,,
DRB4*01:79,FULL,DR53,DR53,DR53,,,,
DRB4*01:80N,,NULL
DRB4*01:81,SEROTYPE,DR53,DR53,DR53,,,,
DRB4*01:82,FULL,DR53,DR53,DR53,,,,
DRB4*01:83,SEROTYPE,DR53,DR53,DR53,,,,
DRB4*01:84N,,NULL
DRB4*01:85,FULL,DR53,DR53,DR53,,,,
DRB4*01:86,FULL,DR53,DR53,DR53,,,,
DRB4*01:87,FULL,DR53,DR53,DR53,,,,
DRB4*01:88,FULL,DR53,DR53,DR53,,,,
DRB4*01:89,FULL,DR53,DR53,DR53,,,,
DRB4*01:90,FULL,DR53,DR53,DR53,,,,
DRB4*01:91,FULL,DR53,DR53,DR53,,,,
DRB4*01:92,FULL,DR53,DR53,DR53,,,,
DRB4*01:93,FULL,DR53,DR53,DR53,,,,
DRB4*01:94,FULL,DR53,DR53,DR53,,,,
DRB4*01:95,SEROTYPE,DR53,DR53,DR53,,,,
DRB4*01:96,FULL,DR53,DR53,DR53,,,,
DRB4*01:97,UNA,U,None,None,None,,,,
DRB4*01:98,FULL,DR53,DR53,DR53,,,,
DRB4*01:99,FULL,DR53,DR53,DR53,,,,
DRB4*01:100,FULL,DR53,DR53,DR53,,,,
DRB4*01:101,FULL,DR53,DR53,DR53,,,,
DRB4*01:102,FULL,DR53,DR53,DR53,,,,
DRB4*01:103,FULL,DR53,DR53,DR53,,,,
DRB4*01:104,FULL,DR53,DR53,DR53,,,,
DRB4*01:105,S,DR53,DR53,DR53,,,,,DR53_10
DRB4*01:106,FULL,DR53,DR53,DR53,,,,
DRB4*01:107,SEROTYPE,DR53,DR53,DR53,,,,
DRB4*01:108N,,NULL
DRB4*01:109,FULL,DR53,DR53,DR53,,,,
DRB4*01:110,FULL,DR53,DR53,DR53,,,,
DRB4*01:111,FULL,DR53,DR53,DR53,,,,
DRB4*01:112,FULL,DR53,DR53,DR53,,,,
DRB4*01:113N,,NULL
DRB4*01:114,FULL,DR53,DR53,DR53,,,,
DRB4*01:115N,,NULL
DRB4*01:116,FULL,DR53,DR53,DR53,,,,
DRB4*01:117,FULL,DR53,DR53,DR53,,,,
DRB4*01:118,FULL,DR53,DR53,DR53,,,,
DRB4*01:119,FULL,DR53,DR53,DR53,,,,
DRB4*01:120,FULL,DR53,DR53,DR53,,,,
DRB4*01:121N,,NULL
DRB4*01:122,S,DR53,DR53,DR53,,,,,DR53_13
DRB4*01:123,FULL,DR53,DR53,DR53,,,,
DRB4*01:124,FULL,DR53,DR53,DR53,,,,
DRB4*01:125,S,DR53,DR53,DR53,,,,,DR53_9
DRB4*01:126,FULL,DR53,DR53,DR53,,,,
DRB4*01:127,FULL,DR53,DR53,DR53,,,,
DRB4*01:128N,,NULL
DRB4*01:129,FULL,DR53,DR53,DR53,,,,
DRB4*01:130,FULL,DR53,DR53,DR53,,,,
DRB4*01:131,SEROTYPE,DR53,DR53,DR53,,,,
DRB4*01:132,FULL,DR53,DR53,DR53,,,,
DRB4*01:133,FULL,DR53,DR53,DR53,,,,
DRB4*01:134,FULL,DR53,DR53,DR53,,,,
DRB4*01:135,FULL,DR53,DR53,DR53,,,,
DRB4*01:136,FULL,DR53,DR53,DR53,,,,
DRB4*01:137,FULL,DR53,DR53,DR53,,,,
DRB4*01:138,FULL,DR53,DR53,DR53,,,,
DRB4*01:139,FULL,DR53,DR53,DR53,,,,
DRB4*01:140,FULL,DR53,DR53,DR53,,,,
DRB4*01:141,FULL,DR53,DR53,DR53,,,,
DRB4*01:142,FULL,DR53,DR53,DR53,,,,
DRB4*01:143,FULL,DR53,DR53,DR53,,,,
DRB4*01:144,FULL,DR53,DR53,DR53,,,,
DRB4*01:145N,,NULL
DRB4*01:146,FULL,DR53,DR53,DR53,,,,
DRB4*01:147,FULL,DR53,DR53,DR53,,,,
DRB4*01:148,FULL,DR53,DR53,DR53,,,,
DRB4*01:149N,,NULL
DRB4*01:150,FULL,DR53,DR53,DR53,,,,
DRB4*01:151,FULL,DR53,DR53,DR53,,,,
DRB4*01:152,FULL,DR53,DR53,DR53,,,,
DRB4*01:153,FULL,DR53,DR53,DR53,,,,
DRB4*01:154,SEROTYPE,DR53,DR53,DR53,,,,
DRB4*01:155,FULL,DR53,DR53,DR53,,,,
DRB4*01:156,FULL,DR53,DR53,DR53,,,,
DRB4*01:157,S,DR53,DR53,DR53,,,,,DR53_13
DRB4*01:158,FULL,DR53,DR53,DR53,,,,
DRB4*01:159N,,NULL
DRB4*01:160,FULL,DR53,DR53,DR53,,,,
DRB4*01:161,FULL,DR53,DR53,DR53,,,,
DRB4*01:162N,,NULL
DRB4*01:163,FULL,DR53,DR53,DR53,,,,
DRB4*01:164,FULL,DR53,DR53,DR53,,,,
DRB4*01:165N,,NULL
DRB4*01:166,FULL,DR53,DR53,DR53,,,,
DRB4*01:167,FULL,DR53,DR53,DR53,,,,
DRB4*01:168,FULL,DR53,DR53,DR53,,,,
DRB4*01:169,FULL,DR53,DR53,DR53,,,,
DRB4*01:170,FULL,DR53,DR53,DR53,,,,
DRB4*01:171,FULL,DR53,DR53,DR53,,,,
DRB4*01:172,FULL,DR53,DR53,DR53,,,,
DRB4*01:173,FULL,DR53,DR53,DR53,,,,
DRB4*01:174,FULL,DR53,DR53,DR53,,,,
DRB4*01:175,FULL,DR53,DR53,DR53,,,,
DRB4*01:176,FULL,DR53,DR53,DR53,,,,
DRB4*01:177,FULL,DR53,DR53,DR53,,,,
DRB4*01:178,FULL,DR53,DR53,DR53,,,,
DRB4*01:179,FULL,DR53,DR53,DR53,,,,
DRB4*01:180,FULL,DR53,DR53,DR53,,,,
DRB4*01:181,FULL,DR53,DR53,DR53,,,,
DRB4*01:182,FULL,DR53,DR53,DR53,,,,
DRB4*01:183,FULL,DR53,DR53,DR53,,,,
DRB4*01:184,FULL,DR53,DR53,DR53,,,,
DRB4*01:185,SEROTYPE,DR53,DR53,DR53,,,,
DRB4*01:186,FULL,DR53,DR53,DR53,,,,
DRB4*01:187,FULL,DR53,DR53,DR53,,,,
DRB4*01:188,FULL,DR53,DR53,DR53,,,,
DRB4*02:01N,,NULL
