Allele,Serotype,COMMENT,25,51,52,53,56,74,75,76
DQA1*01:01,DQA-01,FULL,Y,F,S,K,G,N,I,M
DQA1*01:02,DQA-01,FULL,Y,F,S,K,G,N,I,M
DQA1*01:03,DQA-01,SEROTYPE,F,F,S,K,G,N,I,M
DQA1*01:04,DQA-01,FULL,Y,F,S,K,G,N,I,M
DQA1*01:05,DQA-01,FULL,Y,F,S,K,G,N,I,M
DQA1*01:06,DQA-01,FULL,Y,F,S,K,G,N,I,M
DQA1*01:08,DQA-01,FULL,Y,F,S,K,G,N,I,M
DQA1*01:09,DQA-01,FULL,Y,F,S,K,G,N,I,M
DQA1*01:10,DQA-01,SEROTYPE,F,F,S,K,G,N,I,M
DQA1*01:11,DQA-01,FULL,Y,F,S,K,G,N,I,M
DQA1*01:12,DQA-01,FULL,Y,F,S,K,G,N,I,M
DQA1*01:13,DQA-01,FULL,Y,F,S,K,G,N,I,M
DQA1*01:14,DQA-01,SEROTYPE,F,F,S,K,G,N,I,M
DQA1*01:17,DQA-01,SEROTYPE,F,F,S,K,G,N,I,M
DQA1*01:18,DQA-01,FULL,Y,F,S,K,G,N,I,M
DQA1*01:19,DQA-01,FULL,Y,F,S,K,G,N,I,M
DQA1*01:20,DQA-01,FULL,Y,F,S,K,G,N,I,M
DQA1*01:21,DQA-01,FULL,Y,F,S,K,G,N,I,M
DQA1*01:22,DQA-01,FULL,Y,F,S,K,G,N,I,M
DQA1*01:23,DQA-01,FULL,Y,F,S,K,G,N,I,M
DQA1*01:24,DQA-01,SEROTYPE,F,F,S,K,G,N,I,M
DQA1*01:25,DQA-01,FULL,Y,F,S,K,G,N,I,M
DQA1*01:26,DQA-01,FULL,Y,F,S,K,G,N,I,M
DQA1*01:27,DQA-01,FULL,Y,F,S,K,G,N,I,M
DQA1*01:28,DQA-01,FULL,Y,F,S,K,G,N,I,M
DQA1*01:29,DQA-01,FULL,Y,F,S,K,G,N,I,M
DQA1*01:30,DQA-01,SEROTYPE,F,F,S,K,G,N,I,M
DQA1*01:31,DQA-01,FULL,Y,F,S,K,G,N,I,M
DQA1*01:32,DQA-01,FULL,Y,F,S,K,G,N,I,M
DQA1*01:33,DQA-01,SEROTYPE,F,F,S,K,G,N,I,M
DQA1*01:34,DQA-01,FULL,Y,F,S,K,G,N,I,M
DQA1*01:35,DQA-01,FULL,Y,F,S,K,G,N,I,M
DQA1*01:36,DQA-01,FULL,Y,F,S,K,G,N,I,M
DQA1*01:37,DQA-01,INCOMPLETE,Y,F,S,K,D,N,I,M
DQA1*01:38,DQA-01,FULL,Y,F,S,K,G,N,I,M
DQA1*01:39,DQA-01,FULL,Y,F,S,K,G,N,I,M
DQA1*01:41,DQA-01,FULL,Y,F,S,K,G,N,I,M
DQA1*01:42,DQA-01,FULL,Y,F,S,K,G,N,I,M
DQA1*01:43,DQA-01,FULL,Y,F,S,K,G,N,I,M
DQA1*01:44,DQA-01,SEROTYPE,F,F,S,K,G,N,I,M
DQA1*01:45,DQA-01,SEROTYPE,F,F,S,K,G,N,I,M
DQA1*01:46,DQA-01,FULL,Y,F,S,K,G,N,I,M
DQA1*01:47,DQA-01,INCOMPLETE,F,F,S,K,S,N,I,M
DQA1*01:48,DQA-01,FULL,Y,F,S,K,G,N,I,M
DQA1*01:49,DQA-01,FULL,Y,F,S,K,G,N,I,M
DQA1*01:50,DQA-01,SEROTYPE,F,F,S,K,G,N,I,M
DQA1*01:51,DQA-01,FULL,Y,F,S,K,G,N,I,M
DQA1*01:52,DQA-01,FULL,Y,F,S,K,G,N,I,M
DQA1*01:53,DQA-01,FULL,Y,F,S,K,G,N,I,M
DQA1*01:54,DQA-01,FULL,Y,F,S,K,G,N,I,M
DQA1*01:55,DQA-01,FULL,Y,F,S,K,G,N,I,M
DQA1*01:56,DQA-01,FULL,Y,F,S,K,G,N,I,M
DQA1*01:57,DQA-01,SEROTYPE,F,F,S,K,G,N,I,M
DQA1*01:58,DQA-01,FULL,Y,F,S,K,G,N,I,M
DQA1*01:59,DQA-01,FULL,Y,F,S,K,G,N,I,M
DQA1*01:60,DQA-01,FULL,Y,F,S,K,G,N,I,M
DQA1*01:61,DQA-01,FULL,Y,F,S,K,G,N,I,M
DQA1*01:62,DQA-01,FULL,Y,F,S,K,G,N,I,M
DQA1*01:63,DQA-01,FULL,Y,F,S,K,G,N,I,M
DQA1*01:64,DQA-01,FULL,Y,F,S,K,G,N,I,M
DQA1*01:65,DQA-01,SEROTYPE,F,F,S,K,G,N,I,M
DQA1*01:66,DQA-01,FULL,Y,F,S,K,G,N,I,M
DQA1*01:67,DQA-01,FULL,Y,F,S,K,G,N,I,M
DQA1*01:68,DQA-01,SEROTYPE,F,F,S,K,G,N,I,M
DQA1*01:69,DQA-01,FULL,Y,F,S,K,G,N,I,M
DQA1*01:70,DQA-01,SEROTYPE,F,F,S,K,G,N,I,M
DQA1*01:71,DQA-01,FULL,Y,F,S,K,G,N,I,M
DQA1*01:72,DQA-01,FULL,Y,F,S,K,G,N,I,M
DQA1*01:73,DQA-01,FULL,Y,F,S,K,G,N,I,M
DQA1*01:74,DQA-01,FULL,Y,F,S,K,G,N,I,M
DQA1*01:75,DQA-01,FULL,Y,F,S,K,G,N,I,M
DQA1*01:76,DQA-01,SEROTYPE,F,F,S,K,G,N,I,M
DQA1*01:77,DQA-01,FULL,Y,F,S,K,G,N,I,M
DQA1*01:78,DQA-01,SEROTYPE,F,F,S,K,G,N,I,M
DQA1*01:79,DQA-01,SEROTYPE,F,F,N,K,G,N,I,M
DQA1*01:80,DQA-01,FULL,Y,F,S,K,G,N,I,M
DQA1*01:81,DQA-01,FULL,Y,F,S,K,G,N,I,M
DQA1*01:82,DQA-01,SEROTYPE,F,F,S,K,G,N,I,M
DQA1*01:83,DQA-01,FULL,Y,F,S,K,G,N,I,M
DQA1*01:84,DQA-01,SEROTYPE,F,F,S,K,G,N,I,M
DQA1*01:85,DQA-01,FULL,Y,F,S,K,G,N,I,M
DQA1*01:86,DQA-01,FULL,Y,F,S,K,G,N,I,M
DQA1*01:87,DQA-01,SEROTYPE,F,F,S,K,G,N,I,M
DQA1*01:89,DQA-01,FULL,Y,F,S,K,G,N,I,M
DQA1*01:90,DQA-01,FULL,Y,F,S,K,G,N,I,M
DQA1*01:91,DQA-01,FULL,Y,F,S,K,G,N,I,M
DQA1*01:92,DQA-01,FULL,Y,F,S,K,G,N,I,M
DQA1*01:93,DQA-01,FULL,Y,F,S,K,G,N,I,M
DQA1*01:94,DQA-01,FULL,Y,F,S,K,G,N,I,M
DQA1*01:95,DQA-01,FULL,Y,F,S,K,G,N,I,M
DQA1*01:96,DQA-01,FULL,Y,F,S,K,G,N,I,M
DQA1*01:97,DQA-01,SEROTYPE,F,F,S,K,G,N,I,M
DQA1*01:98,DQA-01,FULL,Y,F,S,K,G,N,I,M
DQA1*01:99,DQA-01,FULL,Y,F,S,K,G,N,I,M
DQA1*01:100,DQA-01,FULL,Y,F,S,K,G,N,I,M
DQA1*01:101,DQA-01,SEROTYPE,C,F,S,K,G,N,I,M
DQA1*01:102,DQA-01,SEROTYPE,F,F,S,K,G,N,I,M
DQA1*01:103,DQA-01,FULL,Y,F,S,K,G,N,I,M
DQA1*01:104,DQA-01,FULL,Y,F,S,K,G,N,I,M
DQA1*01:105,DQA-01,FULL,Y,F,S,K,G,N,I,M
DQA1*01:106,DQA-01,FULL,Y,F,S,K,G,N,I,M
DQA1*01:107,DQA-01,FULL,Y,F,S,K,G,N,I,M
DQA1*01:108,DQA-01,SEROTYPE,F,F,S,K,G,N,I,M
DQA1*01:109,DQA-01,FULL,Y,F,S,K,G,N,I,M
DQA1*01:110,DQA-01,FULL,Y,F,S,K,G,N,I,M
DQA1*01:111,DQA-01,FULL,Y,F,S,K,G,N,I,M
DQA1*01:112,DQA-01,FULL,Y,F,S,K,G,N,I,M
DQA1*01:114,DQA-01,FULL,Y,F,S,K,G,N,I,M
DQA1*01:115,DQA-01,FULL,Y,F,S,K,G,N,I,M
DQA1*01:116,DQA-01,FULL,Y,F,S,K,G,N,I,M
DQA1*01:117,DQA-01,FULL,Y,F,S,K,G,N,I,M
DQA1*01:118,DQA-01,INCOMPLETE,Y,Y,S,K,G,N,I,M
DQA1*01:119,DQA-01,SEROTYPE,F,F,S,K,G,N,I,M
DQA1*01:120,DQA-01,FULL,Y,F,S,K,G,N,I,M
DQA1*01:121,DQA-01,SEROTYPE,F,F,S,K,G,N,I,M
DQA1*01:123,DQA-01,SEROTYPE,F,F,S,K,G,N,I,M
DQA1*01:124,DQA-01,FULL,Y,F,S,K,G,N,I,M
DQA1*01:125,DQA-01,FULL,Y,F,S,K,G,N,I,M
DQA1*01:126,DQA-01,FULL,Y,F,S,K,G,N,I,M
DQA1*01:127,DQA-01,FULL,Y,F,S,K,G,N,I,M
DQA1*01:128,DQA-01,FULL,Y,F,S,K,G,N,I,M
DQA1*01:129,DQA-01,FULL,Y,F,S,K,G,N,I,M
DQA1*01:130,DQA-01,FULL,Y,F,S,K,G,N,I,M
DQA1*01:131,DQA-01,FULL,Y,F,S,K,G,N,I,M
DQA1*02:01,DQA-02,FULL,F,F,H,R,F,I,L,I
DQA1*02:03,DQA-02,FULL,F,F,H,R,F,I,L,I
DQA1*02:04,DQA-02,FULL,F,F,H,R,F,I,L,I
DQA1*02:05,DQA-02,FULL,F,F,H,R,F,I,L,I
DQA1*02:07,DQA-02,FULL,F,F,H,R,F,I,L,I
DQA1*02:08,DQA-02,FULL,F,F,H,R,F,I,L,I
DQA1*02:09,DQA-02,FULL,F,F,H,R,F,I,L,I
DQA1*02:10,DQA-02,SEROTYPE,F,F,H,R,F,I,L,T
DQA1*02:11,DQA-02,FULL,F,F,H,R,F,I,L,I
DQA1*02:12,DQA-02,FULL,F,F,H,R,F,I,L,I
DQA1*02:13,DQA-02,FULL,F,F,H,R,F,I,L,I
DQA1*02:14,DQA-02,FULL,F,F,H,R,F,I,L,I
DQA1*02:15,DQA-02,FULL,F,F,H,R,F,I,L,I
DQA1*02:16,DQA-02,FULL,F,F,H,R,F,I,L,I
DQA1*02:17,DQA-02,FULL,F,F,H,R,F,I,L,I
DQA1*02:18,DQA-02,FULL,F,F,H,R,F,I,L,I
DQA1*02:19,DQA-02,FULL,F,F,H,R,F,I,L,I
DQA1*02:20,DQA-02,FULL,F,F,H,R,F,I,L,I
DQA1*02:21,DQA-02,FULL,F,F,H,R,F,I,L,I
DQA1*02:22,DQA-02,FULL,F,F,H,R,F,I,L,I
DQA1*02:23,DQA-02,FULL,F,F,H,R,F,I,L,I
DQA1*02:24,DQA-02,FULL,F,F,H,R,F,I,L,I
DQA1*02:25,DQA-02,FULL,F,F,H,R,F,I,L,I
DQA1*02:26,DQA-02,FULL,F,F,H,R,F,I,L,I
DQA1*02:27,DQA-02,FULL,F,F,H,R,F,I,L,I
DQA1*02:28,DQA-02,FULL,F,F,H,R,F,I,L,I
DQA1*02:29,DQA-02,FULL,F,F,H,R,F,I,L,I
DQA1*02:30,DQA-02,FULL,F,F,H,R,F,I,L,I
DQA1*02:31,DQA-02,FULL,F,F,H,R,F,I,L,I
DQA1*02:32,DQA-02,FULL,F,F,H,R,F,I,L,I
DQA1*02:33,DQA-02,FULL,F,F,H,R,F,I,L,I
DQA1*02:34,DQA-02,INCOMPLETE,L,F,H,R,F,I,L,I
DQA1*02:35,DQA-02,FULL,F,F,H,R,F,I,L,I
DQA1*02:36,DQA-02,FULL,F,F,H,R,F,I,L,I
DQA1*02:37,DQA-02,FULL,F,F,H,R,F,I,L,I
DQA1*03:01,DQA-03,FULL,Y,F,R,R,R,N,I,V
DQA1*03:02,DQA-03,FULL,Y,F,R,R,R,N,I,V
DQA1*03:03,DQA-03,FULL,Y,F,R,R,R,N,I,V
DQA1*03:04,DQA-03,FULL,Y,F,R,R,R,N,I,V
DQA1*03:05,DQA-03,FULL,Y,F,R,R,R,N,I,V
DQA1*03:06,DQA-03,FULL,Y,F,R,R,R,N,I,V
DQA1*03:07,DQA-03,FULL,Y,F,R,R,R,N,I,V
DQA1*03:08,DQA-03,FULL,Y,F,R,R,R,N,I,V
DQA1*03:09,DQA-03,FULL,Y,F,R,R,R,N,I,V
DQA1*03:10,DQA-03,SEROTYPE,Y,F,C,R,R,N,I,V
DQA1*03:11,DQA-03,FULL,Y,F,R,R,R,N,I,V
DQA1*03:12,DQA-03,FULL,Y,F,R,R,R,N,I,V
DQA1*03:13,DQA-03,FULL,Y,F,R,R,R,N,I,V
DQA1*03:14,DQA-03,FULL,Y,F,R,R,R,N,I,V
DQA1*03:15,DQA-03,FULL,Y,F,R,R,R,N,I,V
DQA1*03:16,DQA-03,SEROTYPE,Y,F,R,R,R,N,V,V
DQA1*03:17,DQA-03,FULL,Y,F,R,R,R,N,I,V
DQA1*03:18,DQA-03,FULL,Y,F,R,R,R,N,I,V
DQA1*03:19,DQA-03,SEROTYPE,Y,F,G,R,R,N,I,V
DQA1*03:20,DQA-03,FULL,Y,F,R,R,R,N,I,V
DQA1*03:21,DQA-03,FULL,Y,F,R,R,R,N,I,V
DQA1*03:22,DQA-03,FULL,Y,F,R,R,R,N,I,V
DQA1*03:23,DQA-03,FULL,Y,F,R,R,R,N,I,V
DQA1*03:24,DQA-03,INCOMPLETE,Y,F,R,R,R,N,I,M
DQA1*03:25,DQA-03,FULL,Y,F,R,R,R,N,I,V
DQA1*03:26,DQA-03,FULL,Y,F,R,R,R,N,I,V
DQA1*03:28,DQA-03,FULL,Y,F,R,R,R,N,I,V
DQA1*03:29,DQA-03,FULL,Y,F,R,R,R,N,I,V
DQA1*03:30,DQA-03,FULL,Y,F,R,R,R,N,I,V
DQA1*03:31,DQA-03,FULL,Y,F,R,R,R,N,I,V
DQA1*03:33,DQA-03,FULL,Y,F,R,R,R,N,I,V
DQA1*03:35,DQA-03,FULL,Y,F,R,R,R,N,I,V
DQA1*03:36,DQA-03,FULL,Y,F,R,R,R,N,I,V
DQA1*03:37,DQA-03,FULL,Y,F,R,R,R,N,I,V
DQA1*03:38,DQA-03,FULL,Y,F,R,R,R,N,I,V
DQA1*03:39,DQA-03,FULL,Y,F,R,R,R,N,I,V
DQA1*03:40,DQA-03,FULL,Y,F,R,R,R,N,I,V
DQA1*03:41,DQA-03,FULL,Y,F,R,R,R,N,I,V
DQA1*03:42,DQA-03,FULL,Y,F,R,R,R,N,I,V
DQA1*03:43,DQA-03,FULL,Y,F,R,R,R,N,I,V
DQA1*03:44,DQA-03,FULL,Y,F,R,R,R,N,I,V
DQA1*03:45,DQA-03,FULL,Y,F,R,R,R,N,I,V
DQA1*03:46,DQA-03,FULL,Y,F,R,R,R,N,I,V
DQA1*03:47,DQA-03,FULL,Y,F,R,R,R,N,I,V
DQA1*03:48,DQA-03,FULL,Y,F,R,R,R,N,I,V
DQA1*03:49,DQA-03,SEROTYPE,Y,F,H,R,R,N,I,V
DQA1*03:51,DQA-03,SEROTYPE,Y,F,L,R,R,N,I,V
DQA1*03:52,DQA-03,FULL,Y,F,R,R,R,N,I,V
DQA1*03:53,DQA-03,FULL,Y,F,R,R,R,N,I,V
DQA1*03:54,DQA-03,FULL,Y,F,R,R,R,N,I,V
DQA1*03:55,DQA-03,FULL,Y,F,R,R,R,N,I,V
DQA1*03:56,DQA-03,FULL,Y,F,R,R,R,N,I,V
DQA1*03:57,DQA-03,FULL,Y,F,R,R,R,N,I,V
DQA1*03:60,DQA-03,FULL,Y,F,R,R,R,N,I,V
DQA1*04:01,DQA-04,FULL,Y,L,R,Q,F,I,L,I
DQA1*04:02,DQA-04,FULL,Y,L,R,Q,F,I,L,I
DQA1*04:04,DQA-04,FULL,Y,L,R,Q,F,I,L,I
DQA1*04:05,DQA-04,FULL,Y,L,R,Q,F,I,L,I
DQA1*04:06,DQA-04,INCOMPLETE,Y,H,R,Q,F,I,L,I
DQA1*04:07,DQA-04,FULL,Y,L,R,Q,F,I,L,I
DQA1*04:08,DQA-04,FULL,Y,L,R,Q,F,I,L,I
DQA1*04:09,DQA-04,FULL,Y,L,R,Q,F,I,L,I
DQA1*04:10,DQA-04,FULL,Y,L,R,Q,F,I,L,I
DQA1*04:11,DQA-04,FULL,Y,L,R,Q,F,I,L,I
DQA1*04:13,DQA-04,FULL,Y,L,R,Q,F,I,L,I
DQA1*04:15,DQA-04,FULL,Y,L,R,Q,F,I,L,I
DQA1*04:16,DQA-04,FULL,Y,L,R,Q,F,I,L,I
DQA1*04:17,DQA-04,FULL,Y,L,R,Q,F,I,L,I
DQA1*05:01,DQA-05,FULL,Y,L,R,Q,F,S,L,I
DQA1*05:02,DQA-05,FULL,Y,L,R,Q,F,S,L,I
DQA1*05:03,DQA-05,FULL,Y,L,R,Q,F,S,L,I
DQA1*05:04,DQA-05,FULL,Y,L,R,Q,F,S,L,I
DQA1*05:05,DQA-05,FULL,Y,L,R,Q,F,S,L,I
DQA1*05:06,DQA-05,FULL,Y,L,R,Q,F,S,L,I
DQA1*05:07,DQA-05,FULL,Y,L,R,Q,F,S,L,I
DQA1*05:08,DQA-05,FULL,Y,L,R,Q,F,S,L,I
DQA1*05:09,DQA-05,FULL,Y,L,R,Q,F,S,L,I
DQA1*05:10,DQA-05,SEROTYPE,Y,L,R,Q,F,S,L,V
DQA1*05:11,DQA-05,FULL,Y,L,R,Q,F,S,L,I
DQA1*05:12,DQA-05,FULL,Y,L,R,Q,F,S,L,I
DQA1*05:13,DQA-05,FULL,Y,L,R,Q,F,S,L,I
DQA1*05:14,DQA-05,FULL,Y,L,R,Q,F,S,L,I
DQA1*05:16,DQA-05,FULL,Y,L,R,Q,F,S,L,I
DQA1*05:18,DQA-05,FULL,Y,L,R,Q,F,S,L,I
DQA1*05:19,DQA-05,FULL,Y,L,R,Q,F,S,L,I
DQA1*05:20,DQA-05,FULL,Y,L,R,Q,F,S,L,I
DQA1*05:21,DQA-05,FULL,Y,L,R,Q,F,S,L,I
DQA1*05:22,DQA-05,FULL,Y,L,R,Q,F,S,L,I
DQA1*05:23,DQA-05,FULL,Y,L,R,Q,F,S,L,I
DQA1*05:24,DQA-05,FULL,Y,L,R,Q,F,S,L,I
DQA1*05:25,DQA-05,FULL,Y,L,R,Q,F,S,L,I
DQA1*05:26,DQA-05,SEROTYPE,Y,L,R,Q,L,S,L,I
DQA1*05:27,DQA-05,FULL,Y,L,R,Q,F,S,L,I
DQA1*05:28,DQA-05,FULL,Y,L,R,Q,F,S,L,I
DQA1*05:30,DQA-05,FULL,Y,L,R,Q,F,S,L,I
DQA1*05:31,DQA-05,FULL,Y,L,R,Q,F,S,L,I
DQA1*05:32,DQA-05,FULL,Y,L,R,Q,F,S,L,I
DQA1*05:33,DQA-05,FULL,Y,L,R,Q,F,S,L,I
DQA1*05:34,DQA-05,FULL,Y,L,R,Q,F,S,L,I
DQA1*05:35,DQA-05,FULL,Y,L,R,Q,F,S,L,I
DQA1*05:37,DQA-05,FULL,Y,L,R,Q,F,S,L,I
DQA1*05:38,DQA-05,FULL,Y,L,R,Q,F,S,L,I
DQA1*05:39,DQA-05,FULL,Y,L,R,Q,F,S,L,I
DQA1*05:40,DQA-05,FULL,Y,L,R,Q,F,S,L,I
DQA1*05:41,DQA-05,FULL,Y,L,R,Q,F,S,L,I
DQA1*05:42,DQA-05,FULL,Y,L,R,Q,F,S,L,I
DQA1*05:43,DQA-05,FULL,Y,L,R,Q,F,S,L,I
DQA1*05:44,DQA-05,FULL,Y,L,R,Q,F,S,L,I
DQA1*05:45,DQA-05,FULL,Y,L,R,Q,F,S,L,I
DQA1*05:46,DQA-05,FULL,Y,L,R,Q,F,S,L,I
DQA1*05:47,DQA-05,FULL,Y,L,R,Q,F,S,L,I
DQA1*05:48,DQA-05,FULL,Y,L,R,Q,F,S,L,I
DQA1*05:49,DQA-05,FULL,Y,L,R,Q,F,S,L,I
DQA1*05:50,DQA-05,FULL,Y,L,R,Q,F,S,L,I
DQA1*05:51,DQA-05,FULL,Y,L,R,Q,F,S,L,I
DQA1*05:52,DQA-05,FULL,Y,L,R,Q,F,S,L,I
DQA1*05:53,DQA-05,FULL,Y,L,R,Q,F,S,L,I
DQA1*05:55,DQA-05,FULL,Y,L,R,Q,F,S,L,I
DQA1*05:56,DQA-05,FULL,Y,L,R,Q,F,S,L,I
DQA1*05:57,DQA-05,FULL,Y,L,R,Q,F,S,L,I
DQA1*05:58,DQA-05,FULL,Y,L,R,Q,F,S,L,I
DQA1*05:59,DQA-05,FULL,Y,L,R,Q,F,S,L,I
DQA1*05:60,DQA-05,FULL,Y,L,R,Q,F,S,L,I
DQA1*05:61,DQA-05,FULL,Y,L,R,Q,F,S,L,I
DQA1*05:62,DQA-05,FULL,Y,L,R,Q,F,S,L,I
DQA1*05:63,DQA-05,INCOMPLETE,Y,L,G,Q,F,S,L,I
DQA1*05:64,DQA-05,FULL,Y,L,R,Q,F,S,L,I
DQA1*05:65,DQA-05,FULL,Y,L,R,Q,F,S,L,I
DQA1*05:66,DQA-05,FULL,Y,L,R,Q,F,S,L,I
DQA1*05:67,DQA-05,FULL,Y,L,R,Q,F,S,L,I
DQA1*05:68,DQA-05,FULL,Y,L,R,Q,F,S,L,I
DQA1*05:69,DQA-05,FULL,Y,L,R,Q,F,S,L,I
DQA1*05:70,DQA-05,FULL,Y,L,R,Q,F,S,L,I
DQA1*05:71,DQA-05,FULL,Y,L,R,Q,F,S,L,I
DQA1*05:72,DQA-05,FULL,Y,L,R,Q,F,S,L,I
DQA1*05:73,DQA-05,FULL,Y,L,R,Q,F,S,L,I
DQA1*05:74,DQA-05,FULL,Y,L,R,Q,F,S,L,I
DQA1*05:75,DQA-05,FULL,Y,L,R,Q,F,S,L,I
DQA1*05:76,DQA-05,FULL,Y,L,R,Q,F,S,L,I
DQA1*05:77,DQA-05,FULL,Y,L,R,Q,F,S,L,I
DQA1*05:78,DQA-05,FULL,Y,L,R,Q,F,S,L,I
DQA1*05:79,DQA-05,FULL,Y,L,R,Q,F,S,L,I
DQA1*05:80,DQA-05,FULL,Y,L,R,Q,F,S,L,I
DQA1*05:81,DQA-05,FULL,Y,L,R,Q,F,S,L,I
DQA1*05:82,DQA-05,FULL,Y,L,R,Q,F,S,L,I
DQA1*05:83,DQA-05,FULL,Y,L,R,Q,F,S,L,I
DQA1*06:01,DQA-06,FULL,F,L,R,Q,F,I,L,I
DQA1*06:02,DQA-06,FULL,F,L,R,Q,F,I,L,I
DQA1*06:03,DQA-06,FULL,F,L,R,Q,F,I,L,I
DQA1*06:04,DQA-06,FULL,F,L,R,Q,F,I,L,I
