Allele,Serotype,COMMENT,45,46,47,55,57,70,71,74,77,84,89,90
DQB1*02:01,DQ2,FULL,G,E,F,L,A,R,K,A,R,Q,T,T
DQB1*02:02,DQ2,FULL,G,E,F,L,A,R,K,A,R,Q,T,T
DQB1*02:03,DQ2,FULL,G,E,F,L,D,R,K,A,R,Q,T,T
DQB1*02:04,DQ2,FULL,G,E,F,L,A,R,K,A,R,Q,T,T
DQB1*02:05,DQ2,INCOMPLETE,G,E,F,L,A,R,K,A,T,Q,T,T
DQB1*02:06,DQ2,FULL,G,E,F,L,A,R,K,A,R,Q,T,T
DQB1*02:07,DQ2,FULL,G,E,F,L,A,R,K,A,R,Q,T,T
DQB1*02:08,DQ2,INCOMPLETE,G,E,F,L,A,R,K,A,K,Q,T,T
DQB1*02:09,DQ2,FULL,G,E,F,L,A,R,K,A,R,Q,T,T
DQB1*02:10,DQ2,FULL,G,E,F,L,A,R,K,A,R,Q,T,T
DQB1*02:11,DQ2,FULL,G,E,F,L,A,R,K,A,R,Q,T,T
DQB1*02:12,DQ2,FULL,G,E,F,L,A,R,K,A,R,Q,T,T
DQB1*02:13,DQ2,FULL,G,E,F,L,A,R,K,A,R,Q,T,T
DQB1*02:14,DQ2,FULL,G,E,F,L,A,R,K,A,R,Q,T,T
DQB1*02:15,DQ2,FULL,G,E,F,L,A,R,K,A,R,Q,T,T
DQB1*02:16,DQ2,FULL,G,E,F,L,A,R,K,A,R,Q,T,T
DQB1*02:17,DQ2,FULL,G,E,F,L,A,R,K,A,R,Q,T,T
DQB1*02:19,DQ2,FULL,G,E,F,L,A,R,K,A,R,Q,T,T
DQB1*02:21,DQ2,FULL,G,E,F,L,A,R,K,A,R,Q,T,T
DQB1*02:22,DQ2,FULL,G,E,F,L,A,R,K,A,R,Q,T,T
DQB1*02:23,DQ2,FULL,G,E,F,L,A,R,K,A,R,Q,T,T
DQB1*02:24,DQ2,FULL,G,E,F,L,A,R,K,A,R,Q,T,T
DQB1*02:25,DQ2,FULL,G,E,F,L,A,R,K,A,R,Q,T,T
DQB1*02:26,DQ2,FULL,G,E,F,L,A,R,K,A,R,Q,T,T
DQB1*02:27,DQ2,FULL,G,E,F,L,A,R,K,A,R,Q,T,T
DQB1*02:28,DQ2,FULL,G,E,F,L,A,R,K,A,R,Q,T,T
DQB1*02:29,DQ2,FULL,G,E,F,L,A,R,K,A,R,Q,T,T
DQB1*02:30,DQ2,FULL,G,E,F,L,A,R,K,A,R,Q,T,T
DQB1*02:31,DQ2,FULL,G,E,F,L,A,R,K,A,R,Q,T,T
DQB1*02:32,DQ2,SEROTYPE,G,E,F,L,T,R,K,A,R,Q,T,T
DQB1*02:33,DQ2,FULL,G,E,F,L,A,R,K,A,R,Q,T,T
DQB1*02:34,DQ2,FULL,G,E,F,L,A,R,K,A,R,Q,T,T
DQB1*02:35,DQ2,SEROTYPE,G,E,F,L,A,R,K,A,R,H,T,T
DQB1*02:36,DQ2,FULL,G,E,F,L,A,R,K,A,R,Q,T,T
DQB1*02:37,DQ2,FULL,G,E,F,L,A,R,K,A,R,Q,T,T
DQB1*02:38,DQ2,FULL,G,E,F,L,A,R,K,A,R,Q,T,T
DQB1*02:39,DQ2,INCOMPLETE,G,E,Y,L,A,R,K,A,R,Q,T,T
DQB1*02:40,DQ2,FULL,G,E,F,L,A,R,K,A,R,Q,T,T
DQB1*02:41,DQ2,FULL,G,E,F,L,A,R,K,A,R,Q,T,T
DQB1*02:42,DQ2,FULL,G,E,F,L,A,R,K,A,R,Q,T,T
DQB1*02:43,DQ2,FULL,G,E,F,L,A,R,K,A,R,Q,T,T
DQB1*02:44,DQ2,FULL,G,E,F,L,A,R,K,A,R,Q,T,T
DQB1*02:45,DQ2,FULL,G,E,F,L,A,R,K,A,R,Q,T,T
DQB1*02:46,DQ2,SEROTYPE,G,E,F,L,A,R,K,A,R,Q,K,T
DQB1*02:47,DQ2,SEROTYPE,G,E,F,L,A,R,K,A,R,Q,A,T
DQB1*02:48,DQ2,FULL,G,E,F,L,A,R,K,A,R,Q,T,T
DQB1*02:49,DQ2,FULL,G,E,F,L,A,R,K,A,R,Q,T,T
DQB1*02:50,DQ2,FULL,G,E,F,L,A,R,K,A,R,Q,T,T
DQB1*02:51,DQ2,FULL,G,E,F,L,A,R,K,A,R,Q,T,T
DQB1*02:52,DQ2,SEROTYPE,G,E,F,M,A,R,K,A,R,Q,T,T
DQB1*02:54,DQ2,FULL,G,E,F,L,A,R,K,A,R,Q,T,T
DQB1*02:55,DQ2,FULL,G,E,F,L,A,R,K,A,R,Q,T,T
DQB1*02:56,DQ2,FULL,G,E,F,L,A,R,K,A,R,Q,T,T
DQB1*02:57,DQ2,SEROTYPE,G,E,F,P,A,R,K,A,R,Q,T,T
DQB1*02:59,DQ2,FULL,G,E,F,L,A,R,K,A,R,Q,T,T
DQB1*02:60,DQ2,FULL,G,E,F,L,A,R,K,A,R,Q,T,T
DQB1*02:61,DQ2,FULL,G,E,F,L,A,R,K,A,R,Q,T,T
DQB1*02:62,DQ2,FULL,G,E,F,L,A,R,K,A,R,Q,T,T
DQB1*02:63,DQ2,FULL,G,E,F,L,A,R,K,A,R,Q,T,T
DQB1*02:64,DQ2,FULL,G,E,F,L,A,R,K,A,R,Q,T,T
DQB1*02:65,DQ2,FULL,G,E,F,L,A,R,K,A,R,Q,T,T
DQB1*02:66,DQ2,FULL,G,E,F,L,A,R,K,A,R,Q,T,T
DQB1*02:68,DQ2,FULL,G,E,F,L,A,R,K,A,R,Q,T,T
DQB1*02:69,DQ2,FULL,G,E,F,L,A,R,K,A,R,Q,T,T
DQB1*02:70,DQ2,FULL,G,E,F,L,A,R,K,A,R,Q,T,T
DQB1*02:71,DQ2,FULL,G,E,F,L,A,R,K,A,R,Q,T,T
DQB1*02:72,DQ2,FULL,G,E,F,L,A,R,K,A,R,Q,T,T
DQB1*02:73,DQ2,FULL,G,E,F,L,A,R,K,A,R,Q,T,T
DQB1*02:74,DQ2,FULL,G,E,F,L,A,R,K,A,R,Q,T,T
DQB1*02:75,DQ2,FULL,G,E,F,L,A,R,K,A,R,Q,T,T
DQB1*02:76,DQ2,FULL,G,E,F,L,A,R,K,A,R,Q,T,T
DQB1*02:77,DQ2,SEROTYPE,G,E,F,P,D,R,K,A,R,Q,T,T
DQB1*02:78,DQ2,FULL,G,E,F,L,A,R,K,A,R,Q,T,T
DQB1*02:79,DQ2,FULL,G,E,F,L,A,R,K,A,R,Q,T,T
DQB1*02:80,DQ2,FULL,G,E,F,L,A,R,K,A,R,Q,T,T
DQB1*02:81,DQ2,FULL,G,E,F,L,A,R,K,A,R,Q,T,T
DQB1*02:82,DQ2,FULL,G,E,F,L,A,R,K,A,R,Q,T,T
DQB1*02:83,DQ2,FULL,G,E,F,L,A,R,K,A,R,Q,T,T
DQB1*02:84,DQ2,FULL,G,E,F,L,A,R,K,A,R,Q,T,T
DQB1*02:85,DQ2,INCOMPLETE,G,E,L,L,A,R,K,A,R,Q,T,T
DQB1*02:86,DQ2,FULL,G,E,F,L,A,R,K,A,R,Q,T,T
DQB1*02:87,DQ2,FULL,G,E,F,L,A,R,K,A,R,Q,T,T
DQB1*02:88,DQ2,FULL,G,E,F,L,A,R,K,A,R,Q,T,T
DQB1*02:89,DQ2,FULL,G,E,F,L,A,R,K,A,R,Q,T,T
DQB1*02:90,DQ2,SEROTYPE,G,E,F,L,A,R,K,A,R,Q,M,T
DQB1*02:91,DQ2,INCOMPLETE,G,A,F,L,A,R,K,A,R,Q,T,T
DQB1*02:92,DQ2,FULL,G,E,F,L,A,R,K,A,R,Q,T,T
DQB1*02:93,DQ2,FULL,G,E,F,L,A,R,K,A,R,Q,T,T
DQB1*02:94,DQ2,FULL,G,E,F,L,A,R,K,A,R,Q,T,T
DQB1*02:95,DQ2,FULL,G,E,F,L,A,R,K,A,R,Q,T,T
DQB1*02:97,DQ2,FULL,G,E,F,L,A,R,K,A,R,Q,T,T
DQB1*02:98,DQ2,FULL,G,E,F,L,A,R,K,A,R,Q,T,T
DQB1*02:99,DQ2,FULL,G,E,F,L,A,R,K,A,R,Q,T,T
DQB1*02:100,DQ2,FULL,G,E,F,L,A,R,K,A,R,Q,T,T
DQB1*02:101,DQ2,FULL,G,E,F,L,A,R,K,A,R,Q,T,T
DQB1*02:102,DQ2,FULL,G,E,F,L,A,R,K,A,R,Q,T,T
DQB1*02:103,DQ2,FULL,G,E,F,L,A,R,K,A,R,Q,T,T
DQB1*02:104,DQ2,FULL,G,E,F,L,A,R,K,A,R,Q,T,T
DQB1*02:105,DQ2,FULL,G,E,F,L,A,R,K,A,R,Q,T,T
DQB1*02:106,DQ2,FULL,G,E,F,L,A,R,K,A,R,Q,T,T
DQB1*02:107,DQ2,FULL,G,E,F,L,A,R,K,A,R,Q,T,T
DQB1*02:108,DQ2,FULL,G,E,F,L,A,R,K,A,R,Q,T,T
DQB1*02:109,DQ2,FULL,G,E,F,L,A,R,K,A,R,Q,T,T
DQB1*02:110,DQ2,FULL,G,E,F,L,A,R,K,A,R,Q,T,T
DQB1*02:111,DQ2,FULL,G,E,F,L,A,R,K,A,R,Q,T,T
DQB1*02:112,DQ2,FULL,G,E,F,L,A,R,K,A,R,Q,T,T
DQB1*02:113,DQ2,FULL,G,E,F,L,A,R,K,A,R,Q,T,T
DQB1*02:114,DQ2,FULL,G,E,F,L,A,R,K,A,R,Q,T,T
DQB1*02:115,DQ2,SEROTYPE,G,E,F,L,A,R,K,A,R,Q,R,T
DQB1*02:116,DQ2,FULL,G,E,F,L,A,R,K,A,R,Q,T,T
DQB1*02:117,DQ2,FULL,G,E,F,L,A,R,K,A,R,Q,T,T
DQB1*02:118,DQ2,FULL,G,E,F,L,A,R,K,A,R,Q,T,T
DQB1*02:119,DQ2,FULL,G,E,F,L,A,R,K,A,R,Q,T,T
DQB1*02:120,DQ2,FULL,G,E,F,L,A,R,K,A,R,Q,T,T
DQB1*02:121,DQ2,FULL,G,E,F,L,A,R,K,A,R,Q,T,T
DQB1*02:122,DQ2,FULL,G,E,F,L,A,R,K,A,R,Q,T,T
DQB1*02:123,DQ2,FULL,G,E,F,L,A,R,K,A,R,Q,T,T
DQB1*02:124,DQ2,FULL,G,E,F,L,A,R,K,A,R,Q,T,T
DQB1*02:125,DQ2,FULL,G,E,F,L,A,R,K,A,R,Q,T,T
DQB1*02:126,DQ2,FULL,G,E,F,L,A,R,K,A,R,Q,T,T
DQB1*02:127,DQ2,FULL,G,E,F,L,A,R,K,A,R,Q,T,T
DQB1*02:128,DQ2,FULL,G,E,F,L,A,R,K,A,R,Q,T,T
DQB1*02:130,DQ2,SEROTYPE,G,E,F,L,A,S,K,A,R,Q,T,T
DQB1*02:131,DQ2,FULL,G,E,F,L,A,R,K,A,R,Q,T,T
DQB1*02:133,DQ2,FULL,G,E,F,L,A,R,K,A,R,Q,T,T
DQB1*02:135,DQ2,FULL,G,E,F,L,A,R,K,A,R,Q,T,T
DQB1*02:136,DQ2,FULL,G,E,F,L,A,R,K,A,R,Q,T,T
DQB1*02:137,DQ2,FULL,G,E,F,L,A,R,K,A,R,Q,T,T
DQB1*02:138,DQ2,FULL,G,E,F,L,A,R,K,A,R,Q,T,T
DQB1*02:139,DQ2,FULL,G,E,F,L,A,R,K,A,R,Q,T,T
DQB1*02:140,DQ2,FULL,G,E,F,L,A,R,K,A,R,Q,T,T
DQB1*02:141,DQ2,SEROTYPE,G,E,F,P,A,R,K,A,R,Q,T,T
DQB1*02:142,DQ2,FULL,G,E,F,L,A,R,K,A,R,Q,T,T
DQB1*02:143,DQ2,FULL,G,E,F,L,A,R,K,A,R,Q,T,T
DQB1*02:144,DQ2,FULL,G,E,F,L,A,R,K,A,R,Q,T,T
DQB1*02:145,DQ2,FULL,G,E,F,L,A,R,K,A,R,Q,T,T
DQB1*02:146,DQ2,FULL,G,E,F,L,A,R,K,A,R,Q,T,T
DQB1*02:147,DQ2,FULL,G,E,F,L,A,R,K,A,R,Q,T,T
DQB1*02:148,DQ2,FULL,G,E,F,L,A,R,K,A,R,Q,T,T
DQB1*02:149,DQ2,FULL,G,E,F,L,A,R,K,A,R,Q,T,T
DQB1*02:150,DQ2,FULL,G,E,F,L,A,R,K,A,R,Q,T,T
DQB1*02:151,DQ2,SEROTYPE,G,E,F,L,A,R,K,A,R,Q,T,N
DQB1*02:152,DQ2,SEROTYPE,E,E,F,L,A,R,K,A,R,Q,T,T
DQB1*02:153,DQ2,FULL,G,E,F,L,A,R,K,A,R,Q,T,T
DQB1*02:154,DQ2,FULL,G,E,F,L,A,R,K,A,R,Q,T,T
DQB1*02:155,DQ2,FULL,G,E,F,L,A,R,K,A,R,Q,T,T
DQB1*02:156,DQ2,FULL,G,E,F,L,A,R,K,A,R,Q,T,T
DQB1*02:157,DQ2,FULL,G,E,F,L,A,R,K,A,R,Q,T,T
DQB1*02:158,DQ2,FULL,G,E,F,L,A,R,K,A,R,Q,T,T
DQB1*02:159,DQ2,FULL,G,E,F,L,A,R,K,A,R,Q,T,T
DQB1*02:160,DQ2,FULL,G,E,F,L,A,R,K,A,R,Q,T,T
DQB1*02:161,DQ2,FULL,G,E,F,L,A,R,K,A,R,Q,T,T
DQB1*02:164,DQ2,FULL,G,E,F,L,A,R,K,A,R,Q,T,T
DQB1*02:165,DQ2,FULL,G,E,F,L,A,R,K,A,R,Q,T,T
DQB1*02:166,DQ2,FULL,G,E,F,L,A,R,K,A,R,Q,T,T
DQB1*02:168,DQ2,FULL,G,E,F,L,A,R,K,A,R,Q,T,T
DQB1*02:169,DQ2,FULL,G,E,F,L,A,R,K,A,R,Q,T,T
DQB1*02:170,DQ2,FULL,G,E,F,L,A,R,K,A,R,Q,T,T
DQB1*02:172,DQ2,FULL,G,E,F,L,A,R,K,A,R,Q,T,T
DQB1*02:173,DQ2,FULL,G,E,F,L,A,R,K,A,R,Q,T,T
DQB1*02:174,DQ2,FULL,G,E,F,L,A,R,K,A,R,Q,T,T
DQB1*02:175,DQ2,FULL,G,E,F,L,A,R,K,A,R,Q,T,T
DQB1*02:178,DQ2,FULL,G,E,F,L,A,R,K,A,R,Q,T,T
DQB1*02:179,DQ2,FULL,G,E,F,L,A,R,K,A,R,Q,T,T
DQB1*02:180,DQ2,FULL,G,E,F,L,D,R,K,A,R,Q,T,T
DQB1*02:181,DQ2,FULL,G,E,F,L,A,R,K,A,R,Q,T,T
DQB1*02:182,DQ2,FULL,G,E,F,L,A,R,K,A,R,Q,T,T
DQB1*02:184,DQ2,FULL,G,E,F,L,A,R,K,A,R,Q,T,T
DQB1*02:185,DQ2,FULL,G,E,F,L,A,R,K,A,R,Q,T,T
DQB1*02:186,DQ2,FULL,G,E,F,L,A,R,K,A,R,Q,T,T
DQB1*02:187,DQ2,FULL,G,E,F,L,A,R,K,A,R,Q,T,T
DQB1*02:188,DQ2,FULL,G,E,F,L,A,R,K,A,R,Q,T,T
DQB1*02:189,DQ2,FULL,G,E,F,L,A,R,K,A,R,Q,T,T
DQB1*02:190,DQ2,FULL,G,E,F,L,A,R,K,A,R,Q,T,T
DQB1*02:191,DQ2,FULL,G,E,F,L,A,R,K,A,R,Q,T,T
DQB1*02:192,DQ2,FULL,G,E,F,L,A,R,K,A,R,Q,T,T
DQB1*02:193,DQ2,FULL,G,E,F,L,A,R,K,A,R,Q,T,T
DQB1*02:195,DQ2,FULL,G,E,F,L,A,R,K,A,R,Q,T,T
DQB1*02:196,DQ2,FULL,G,E,F,L,A,R,K,A,R,Q,T,T
DQB1*02:197,DQ2,FULL,G,E,F,L,A,R,K,A,R,Q,T,T
DQB1*02:198,DQ2,FULL,G,E,F,L,A,R,K,A,R,Q,T,T
DQB1*02:199,DQ2,FULL,G,E,F,L,A,R,K,A,R,Q,T,T
DQB1*02:200,DQ2,FULL,G,E,F,L,A,R,K,A,R,Q,T,T
DQB1*02:201,DQ2,FULL,G,E,F,L,A,R,K,A,R,Q,T,T
DQB1*02:202,DQ2,FULL,G,E,F,L,A,R,K,A,R,Q,T,T
DQB1*02:203,DQ2,FULL,G,E,F,L,A,R,K,A,R,Q,T,T
DQB1*02:205,DQ2,FULL,G,E,F,L,A,R,K,A,R,Q,T,T
DQB1*02:207,DQ2,FULL,G,E,F,L,A,R,K,A,R,Q,T,T
DQB1*02:208,DQ2,FULL,G,E,F,L,A,R,K,A,R,Q,T,T
DQB1*02:209,DQ2,FULL,G,E,F,L,A,R,K,A,R,Q,T,T
DQB1*02:210,DQ2,FULL,G,E,F,L,A,R,K,A,R,Q,T,T
DQB1*02:211,DQ2,FULL,G,E,F,L,A,R,K,A,R,Q,T,T
DQB1*02:212,DQ2,FULL,G,E,F,L,A,R,K,A,R,Q,T,T
DQB1*02:213,DQ2,FULL,G,E,F,L,A,R,K,A,R,Q,T,T
DQB1*03:01,DQ7,FULL,E,V,Y,P,D,R,T,E,T,Q,T,T
DQB1*03:02,DQ8,FULL,G,V,Y,P,A,R,T,E,T,Q,T,T
DQB1*03:03,DQ9,FULL,G,V,Y,P,D,R,T,E,T,Q,T,T
DQB1*03:04,DQ7,FULL,E,V,Y,P,A,R,T,E,T,Q,T,T
DQB1*03:05,DQ8,FULL,G,V,Y,P,A,R,T,E,T,Q,T,T
DQB1*03:06,DQ4,SEROTYPE,G,V,Y,P,D,E,D,S,T,Q,T,T
DQB1*03:07,DQ8,FULL,G,V,Y,P,A,R,T,E,T,Q,T,T
DQB1*03:08,DQ8,SEROTYPE,G,V,Y,P,A,G,T,E,T,Q,T,T
DQB1*03:09,DQ7,FULL,E,V,Y,P,D,R,T,E,T,Q,T,T
DQB1*03:10,DQ9,FULL,G,V,Y,P,D,R,T,E,T,Q,T,T
DQB1*03:11,DQ8,FULL,G,V,Y,P,A,R,T,E,T,Q,T,T
DQB1*03:12,DQ9,FULL,G,V,Y,P,D,R,T,E,T,Q,T,T
DQB1*03:13,DQ7,FULL,E,V,Y,P,D,R,T,E,T,Q,T,T
DQB1*03:14,DQ8,FULL,G,V,Y,P,A,R,T,E,T,Q,T,T
DQB1*03:15,DQ9,FULL,G,V,Y,P,D,R,T,E,T,Q,T,T
DQB1*03:16,DQ7,SEROTYPE,E,V,Y,Q,D,R,T,E,T,Q,T,T
DQB1*03:17,DQ9,FULL,G,V,Y,P,D,R,T,E,T,Q,T,T
DQB1*03:18,DQ8,FULL,G,V,Y,P,A,R,T,E,T,Q,T,T
DQB1*03:19,DQ7,FULL,E,V,Y,P,D,R,T,E,T,Q,T,T
DQB1*03:20,DQ9,FULL,G,V,Y,P,D,R,T,E,T,Q,T,T
DQB1*03:21,DQ7,FULL,E,V,Y,P,D,R,T,E,T,Q,T,T
DQB1*03:22,DQ7,FULL,E,V,Y,P,D,R,T,E,T,Q,T,T
DQB1*03:23,DQ9,SEROTYPE,G,V,Y,R,D,R,T,E,T,Q,T,T
DQB1*03:24,DQ7,FULL,E,V,Y,P,D,R,T,E,T,Q,T,T
DQB1*03:25,DQ4,FULL,G,V,Y,R,D,E,D,S,T,Q,T,T
DQB1*03:26,DQ9,FULL,G,V,Y,P,D,R,T,E,T,Q,T,T
DQB1*03:27,DQ7,FULL,E,V,Y,P,D,R,T,E,T,Q,T,T
DQB1*03:28,DQ7,SEROTYPE,E,V,Y,P,D,R,T,E,A,Q,T,T
DQB1*03:29,DQ7,FULL,E,V,Y,P,D,R,T,E,T,Q,T,T
DQB1*03:30,DQ9,FULL,G,V,Y,P,D,R,T,E,T,Q,T,T
DQB1*03:31,DQ9,FULL,G,V,Y,P,D,R,T,E,T,Q,T,T
DQB1*03:32,DQ8,FULL,G,V,Y,P,A,R,T,E,T,Q,T,T
DQB1*03:33,DQ9,FULL,G,V,Y,P,D,R,T,E,T,Q,T,T
DQB1*03:34,DQ9,FULL,G,V,Y,P,D,R,T,E,T,Q,T,T
DQB1*03:35,DQ7,FULL,E,V,Y,P,D,R,T,E,T,Q,T,T
DQB1*03:36,DQ7,FULL,E,V,Y,P,D,R,T,E,T,Q,T,T
DQB1*03:37,DQ8,FULL,G,V,Y,P,A,R,T,E,T,Q,T,T
DQB1*03:38,DQ9,FULL,G,V,Y,P,D,R,T,E,T,Q,T,T
DQB1*03:39,DQ9,FULL,G,V,Y,P,D,R,T,E,T,Q,T,T
DQB1*03:40,DQ9,SEROTYPE,G,L,Y,P,D,R,T,E,T,Q,T,T
DQB1*03:41,DQ7,INCOMPLETE,W,V,Y,P,D,R,T,E,T,Q,T,T
DQB1*03:42,DQ7,FULL,E,V,Y,P,D,R,T,E,T,Q,T,T
DQB1*03:43,DQ9,FULL,G,V,Y,P,D,R,T,E,T,Q,T,T
DQB1*03:44,DQ7,FULL,E,V,Y,P,D,R,T,E,T,Q,T,T
DQB1*03:45,DQ8,INCOMPLETE,G,V,Y,P,A,R,T,D,T,Q,T,T
DQB1*03:46,DQ7,FULL,E,V,Y,P,D,R,T,E,T,Q,T,T
DQB1*03:47,DQ7,FULL,E,V,Y,P,D,R,T,E,T,Q,T,T
DQB1*03:48,DQ7,FULL,E,V,Y,P,D,R,T,E,T,Q,T,T
DQB1*03:49,DQ7,FULL,E,V,Y,P,D,R,T,E,T,Q,T,T
DQB1*03:50,DQ7,FULL,E,V,Y,P,D,R,T,E,T,Q,T,T
DQB1*03:51,DQ7,FULL,E,V,Y,P,D,R,T,E,T,Q,T,T
DQB1*03:52,DQ7,FULL,E,V,Y,P,D,R,T,E,T,Q,T,T
DQB1*03:53,DQ7,FULL,E,V,Y,P,D,R,T,E,T,Q,T,T
DQB1*03:54,DQ7,FULL,E,V,Y,P,D,R,T,E,T,Q,T,T
DQB1*03:55,DQ7,FULL,E,V,Y,P,D,R,T,E,T,Q,T,T
DQB1*03:56,DQ7,FULL,E,V,Y,P,D,R,T,E,T,Q,T,T
DQB1*03:57,DQ7,SEROTYPE,E,V,Y,P,D,R,T,E,T,Q,M,T
DQB1*03:58,DQ7,SEROTYPE,E,V,Y,P,D,R,S,E,T,Q,T,T
DQB1*03:59,DQ7,FULL,E,V,Y,P,D,R,T,E,T,Q,T,T
DQB1*03:60,DQ7,FULL,E,V,Y,P,D,R,T,E,T,Q,T,T
DQB1*03:61,DQ8,FULL,G,V,Y,P,A,R,T,E,T,Q,T,T
DQB1*03:62,DQ8,FULL,G,V,Y,P,A,R,T,E,T,Q,T,T
DQB1*03:63,DQ8,FULL,G,V,Y,P,A,R,T,E,T,Q,T,T
DQB1*03:64,DQ8,FULL,G,V,Y,P,A,R,T,E,T,Q,T,T
DQB1*03:65,DQ9,SEROTYPE,G,V,Y,P,D,S,T,E,T,Q,T,T
DQB1*03:67,DQ8,FULL,G,V,Y,P,A,R,T,E,T,Q,T,T
DQB1*03:68,DQ8,FULL,G,V,Y,P,A,R,T,E,T,Q,T,T
DQB1*03:69,DQ7,FULL,E,V,Y,P,D,R,T,E,T,Q,T,T
DQB1*03:70,DQ8,FULL,G,V,Y,P,A,R,T,E,T,Q,T,T
DQB1*03:71,DQ7,FULL,E,V,Y,P,D,R,T,E,T,Q,T,T
DQB1*03:72,DQ9,FULL,G,V,Y,P,D,R,T,E,T,Q,T,T
DQB1*03:73,DQ7,FULL,E,V,Y,P,D,R,T,E,T,Q,T,T
DQB1*03:74,DQ7,FULL,E,V,Y,P,D,R,T,E,T,Q,T,T
DQB1*03:75,DQ7,FULL,E,V,Y,P,D,R,T,E,T,Q,T,T
DQB1*03:76,DQ7,SEROTYPE,E,V,N,P,D,R,T,E,T,Q,T,T
DQB1*03:77,DQ7,FULL,E,V,Y,P,D,R,T,E,T,Q,T,T
DQB1*03:78,DQ7,FULL,E,V,Y,P,D,R,T,E,T,Q,T,T
DQB1*03:79,DQ9,FULL,G,V,Y,P,D,R,T,E,T,Q,T,T
DQB1*03:80,DQ7,FULL,E,V,Y,P,A,R,T,E,T,Q,T,T
DQB1*03:81,DQ8,FULL,G,V,Y,P,A,R,T,E,T,Q,T,T
DQB1*03:82,DQ7,FULL,E,V,Y,P,D,R,T,E,T,Q,T,T
DQB1*03:83,DQ7,FULL,E,V,Y,P,D,R,T,E,T,Q,T,T
DQB1*03:85,DQ8,FULL,G,V,Y,P,A,R,T,E,T,Q,T,T
DQB1*03:86,DQ9,INCOMPLETE,G,V,Y,P,D,R,T,E,T,Q,T,N
DQB1*03:87,DQ9,FULL,G,V,Y,P,D,R,T,E,T,Q,T,T
DQB1*03:88,DQ9,FULL,G,V,Y,P,D,R,T,E,T,Q,T,T
DQB1*03:89,DQ9,FULL,G,V,Y,P,D,R,T,E,T,Q,T,T
DQB1*03:92,DQ7,FULL,E,V,Y,P,D,R,T,E,T,Q,T,T
DQB1*03:93,DQ7,FULL,E,V,Y,P,D,R,T,E,T,Q,T,T
DQB1*03:94,DQ7,FULL,E,V,Y,P,D,R,T,E,T,Q,T,T
DQB1*03:96,DQ9,FULL,G,V,Y,P,D,R,T,E,T,Q,T,T
DQB1*03:97,DQ9,FULL,G,V,Y,P,D,R,T,E,T,Q,T,T
DQB1*03:98,DQ9,FULL,G,V,Y,P,D,R,T,E,T,Q,T,T
DQB1*03:100,DQ9,FULL,G,V,Y,P,D,R,T,E,T,Q,T,T
DQB1*03:101,DQ7,FULL,E,V,Y,P,D,R,T,E,T,Q,T,T
DQB1*03:102,DQ7,FULL,E,V,Y,P,D,R,T,E,T,Q,T,T
DQB1*03:103,DQ7,FULL,E,V,Y,P,D,R,T,E,T,Q,T,T
DQB1*03:104,DQ9,FULL,G,V,Y,P,D,R,T,E,T,Q,T,T
DQB1*03:105,DQ9,FULL,G,V,Y,P,D,R,T,E,T,Q,T,T
DQB1*03:106,DQ8,FULL,G,V,Y,P,A,R,T,E,T,Q,T,T
DQB1*03:107,DQ8,SEROTYPE,G,V,Y,P,A,R,S,E,T,Q,T,T
DQB1*03:108,DQ7,FULL,E,V,Y,P,D,R,T,E,T,Q,T,T
DQB1*03:109,DQ7,FULL,E,V,Y,P,D,R,T,E,T,Q,T,T
DQB1*03:110,DQ8,INCOMPLETE,G,V,Y,P,V,R,T,E,T,Q,T,T
DQB1*03:111,DQ9,FULL,G,V,Y,P,D,R,T,E,T,Q,T,T
DQB1*03:112,DQ9,FULL,G,V,Y,P,D,R,T,E,T,Q,T,T
DQB1*03:113,DQ7,FULL,E,V,Y,P,D,R,T,E,T,Q,T,T
DQB1*03:114,DQ7,FULL,E,V,Y,P,D,R,T,E,T,Q,T,T
DQB1*03:115,DQ7,FULL,E,V,Y,P,D,R,T,E,T,Q,T,T
DQB1*03:116,DQ7,FULL,E,V,Y,P,D,R,T,E,T,Q,T,T
DQB1*03:117,DQ9,FULL,G,V,Y,P,D,R,T,E,T,Q,T,T
DQB1*03:119,DQ7,FULL,E,V,Y,P,D,R,T,E,T,Q,T,T
DQB1*03:120,DQ7,FULL,E,V,Y,P,D,R,T,E,T,Q,T,T
DQB1*03:121,DQ7,FULL,E,V,Y,P,D,R,T,E,T,Q,T,T
DQB1*03:122,DQ7,FULL,E,V,Y,P,D,R,T,E,T,Q,T,T
DQB1*03:123,DQ9,FULL,G,V,Y,P,D,R,T,E,T,Q,T,T
DQB1*03:124,DQ9,INCOMPLETE,G,V,Y,P,D,R,T,E,T,Q,T,S
DQB1*03:125,DQ8,FULL,G,V,Y,P,A,R,T,E,T,Q,T,T
DQB1*03:126,DQ9,FULL,G,V,Y,P,D,R,T,E,T,Q,T,T
DQB1*03:127,DQ7,FULL,E,V,Y,P,D,R,T,E,T,Q,T,T
DQB1*03:128,DQ7,SEROTYPE,E,M,Y,P,D,R,T,E,T,Q,T,T
DQB1*03:129,DQ7,FULL,E,V,Y,P,D,R,T,E,T,Q,T,T
DQB1*03:130,DQ7,FULL,E,V,Y,P,D,R,T,E,T,Q,T,T
DQB1*03:131,DQ7,FULL,E,V,Y,P,D,R,T,E,T,Q,T,T
DQB1*03:132,DQ8,INCOMPLETE,G,V,Y,P,A,R,T,S,T,Q,T,T
DQB1*03:133,DQ7,FULL,E,V,Y,P,D,R,T,E,T,Q,T,T
DQB1*03:134,DQ7,FULL,E,V,Y,P,D,R,T,E,T,Q,T,T
DQB1*03:135,DQ7,FULL,E,V,Y,P,D,R,T,E,T,Q,T,T
DQB1*03:136,DQ9,FULL,G,V,Y,P,D,R,T,E,T,Q,T,T
DQB1*03:137,DQ9,SEROTYPE,G,V,Y,P,D,G,T,E,T,Q,T,T
DQB1*03:138,DQ8,FULL,G,V,Y,P,A,R,T,E,T,Q,T,T
DQB1*03:139,DQ7,FULL,E,V,Y,P,D,R,T,E,T,Q,T,T
DQB1*03:140,DQ7,FULL,E,V,Y,P,D,R,T,E,T,Q,T,T
DQB1*03:141,DQ9,FULL,G,V,Y,P,D,R,T,E,T,Q,T,T
DQB1*03:142,DQ7,FULL,E,V,Y,P,D,R,T,E,T,Q,T,T
DQB1*03:143,DQ7,FULL,E,V,Y,P,D,R,T,E,T,Q,T,T
DQB1*03:144,DQ7,INCOMPLETE,E,V,Y,P,D,R,T,D,T,Q,T,T
DQB1*03:145,DQ9,FULL,G,V,Y,P,D,R,T,E,T,Q,T,T
DQB1*03:146,DQ8,FULL,G,V,Y,P,A,R,T,E,T,Q,T,T
DQB1*03:147,DQ7,FULL,E,V,Y,P,D,R,T,E,T,Q,T,T
DQB1*03:148,DQ7,FULL,E,V,Y,P,D,R,T,E,T,Q,T,T
DQB1*03:149,DQ9,FULL,G,V,Y,P,D,R,T,E,T,Q,T,T
DQB1*03:150,DQ7,FULL,E,V,Y,P,D,R,T,E,T,Q,T,T
DQB1*03:151,DQ7,FULL,E,V,Y,P,D,R,T,E,T,Q,T,T
DQB1*03:152,DQ7,FULL,E,V,Y,P,D,R,T,E,T,Q,T,T
DQB1*03:153,DQ8,FULL,G,V,Y,P,A,R,T,E,T,Q,T,T
DQB1*03:154,DQ7,FULL,E,V,Y,P,D,R,T,E,T,Q,T,T
DQB1*03:155,DQ9,SEROTYPE,G,V,C,P,D,R,T,E,T,Q,T,T
DQB1*03:156,DQ9,FULL,G,V,Y,P,D,R,T,E,T,Q,T,T
DQB1*03:157,DQ7,FULL,E,V,Y,P,D,R,T,E,T,Q,T,T
DQB1*03:158,DQ7,FULL,E,V,Y,P,D,R,T,E,T,Q,T,T
DQB1*03:159,DQ7,FULL,E,V,Y,P,D,R,T,E,T,Q,T,T
DQB1*03:160,DQ7,FULL,E,V,Y,P,D,R,T,E,T,Q,T,T
DQB1*03:161,DQ8,FULL,G,V,Y,P,A,R,T,E,T,Q,T,T
DQB1*03:162,DQ7,FULL,E,V,Y,P,D,R,T,E,T,Q,T,T
DQB1*03:163,DQ7,FULL,E,V,Y,P,D,R,T,E,T,Q,T,T
DQB1*03:164,DQ7,FULL,E,V,Y,P,D,R,T,E,T,Q,T,T
DQB1*03:165,DQ7,FULL,E,V,Y,P,D,R,T,E,T,Q,T,T
DQB1*03:166,DQ7,SEROTYPE,E,E,Y,P,D,R,T,E,T,Q,T,T
DQB1*03:167,DQ7,FULL,E,V,Y,P,D,R,T,E,T,Q,T,T
DQB1*03:168,DQ9,FULL,G,V,Y,P,D,R,T,E,T,Q,T,T
DQB1*03:169,DQ7,FULL,E,V,Y,P,D,R,T,E,T,Q,T,T
DQB1*03:170,DQ7,FULL,E,V,Y,P,D,R,T,E,T,Q,T,T
DQB1*03:171,DQ7,FULL,E,V,Y,P,D,R,T,E,T,Q,T,T
DQB1*03:172,DQ7,SEROTYPE,E,V,Y,L,D,R,T,E,T,Q,T,T
DQB1*03:173,DQ7,FULL,E,V,Y,P,D,R,T,E,T,Q,T,T
DQB1*03:174,DQ8,FULL,G,V,Y,P,A,R,T,E,T,Q,T,T
DQB1*03:175,DQ8,FULL,G,V,Y,P,A,R,T,E,T,Q,T,T
DQB1*03:176,DQ9,FULL,G,V,Y,P,D,R,T,E,T,Q,T,T
DQB1*03:177,DQ9,FULL,G,V,Y,P,D,R,T,E,T,Q,T,T
DQB1*03:178,DQ8,FULL,G,V,Y,P,A,R,T,E,T,Q,T,T
DQB1*03:179,DQ8,FULL,G,V,Y,P,A,R,T,E,T,Q,T,T
DQB1*03:180,DQ9,FULL,G,V,Y,P,D,R,T,E,T,Q,T,T
DQB1*03:181,DQ8,FULL,G,V,Y,P,A,R,T,E,T,Q,T,T
DQB1*03:182,DQ7,FULL,E,V,Y,P,D,R,T,E,T,Q,T,T
DQB1*03:183,DQ9,FULL,G,V,Y,P,D,R,T,E,T,Q,T,T
DQB1*03:184,DQ7,FULL,E,V,Y,P,A,R,T,E,T,Q,T,T
DQB1*03:185,DQ8,INCOMPLETE,G,V,Y,P,A,R,T,E,T,H,T,T
DQB1*03:186,DQ7,FULL,E,V,Y,P,D,R,T,E,T,Q,T,T
DQB1*03:187,DQ7,FULL,E,V,Y,P,D,R,T,E,T,Q,T,T
DQB1*03:188,DQ7,INCOMPLETE,E,V,Y,P,D,R,T,K,T,Q,T,T
DQB1*03:189,DQ8,FULL,G,V,Y,P,A,R,T,E,T,Q,T,T
DQB1*03:190,DQ8,FULL,G,V,Y,P,A,R,T,E,T,Q,T,T
DQB1*03:191,DQ7,FULL,E,V,Y,P,D,R,T,E,T,Q,T,T
DQB1*03:192,DQ7,FULL,E,V,Y,P,D,R,T,E,T,Q,T,T
DQB1*03:193,DQ7,FULL,E,V,Y,P,D,R,T,E,T,Q,T,T
DQB1*03:194,DQ7,SEROTYPE,E,V,Y,P,D,G,T,E,T,Q,T,T
DQB1*03:195,DQ9,FULL,G,V,Y,P,D,R,T,E,T,Q,T,T
DQB1*03:196,DQ7,FULL,E,V,Y,P,D,R,T,E,T,Q,T,T
DQB1*03:198,DQ7,FULL,E,V,Y,P,D,R,T,E,T,Q,T,T
DQB1*03:199,DQ8,FULL,G,V,Y,P,A,R,T,E,T,Q,T,T
DQB1*03:200,DQ9,FULL,G,V,Y,P,D,R,T,E,T,Q,T,T
DQB1*03:201,DQ7,FULL,E,V,Y,P,D,R,T,E,T,Q,T,T
DQB1*03:202,DQ7,INCOMPLETE,E,V,Y,P,N,R,T,E,T,Q,T,T
DQB1*03:203,DQ8,FULL,G,V,Y,P,A,R,T,E,T,Q,T,T
DQB1*03:204,DQ8,FULL,G,V,Y,P,A,R,T,E,T,Q,T,T
DQB1*03:205,DQ8,FULL,G,V,Y,P,A,R,T,E,T,Q,T,T
DQB1*03:206,DQ7,FULL,E,V,Y,P,D,R,T,E,T,Q,T,T
DQB1*03:207,DQ7,FULL,E,V,Y,P,D,R,T,E,T,Q,T,T
DQB1*03:208,DQ7,INCOMPLETE,E,V,Y,P,D,R,T,E,T,K,T,T
DQB1*03:209,DQ9,FULL,G,V,Y,P,D,R,T,E,T,Q,T,T
DQB1*03:210,DQ8,FULL,G,V,Y,P,A,R,T,E,T,Q,T,T
DQB1*03:211,DQ8,SEROTYPE,G,V,H,P,A,R,T,E,T,Q,T,T
DQB1*03:212,DQ9,SEROTYPE,G,V,Y,P,D,R,T,E,T,Q,A,T
DQB1*03:214,DQ8,SEROTYPE,G,V,Y,L,A,R,T,E,T,Q,T,T
DQB1*03:215,DQ8,FULL,G,V,Y,P,A,R,T,E,T,Q,T,T
DQB1*03:216,DQ7,FULL,E,V,Y,P,D,R,T,E,T,Q,T,T
DQB1*03:217,DQ9,SEROTYPE,G,V,Y,R,D,R,T,E,T,Q,T,T
DQB1*03:218,DQ7,FULL,E,V,Y,P,D,R,T,E,T,Q,T,T
DQB1*03:219,DQ7,FULL,E,V,Y,P,D,R,T,E,T,Q,T,T
DQB1*03:220,DQ8,SEROTYPE,G,E,F,P,A,R,T,E,T,Q,T,T
DQB1*03:221,DQ8,FULL,G,V,Y,P,A,R,T,E,T,Q,T,T
DQB1*03:222,DQ9,FULL,G,V,Y,P,D,R,T,E,T,Q,T,T
DQB1*03:223,DQ8,FULL,G,V,Y,P,A,R,T,E,T,Q,T,T
DQB1*03:224,DQ8,INCOMPLETE,W,V,Y,P,A,R,T,E,T,Q,T,T
DQB1*03:225,DQ8,FULL,G,V,Y,P,A,R,T,E,T,Q,T,T
DQB1*03:226,DQ8,FULL,G,V,Y,P,A,R,T,E,T,Q,T,T
DQB1*03:227,DQ9,FULL,G,V,Y,P,D,R,T,E,T,Q,T,T
DQB1*03:228,DQ8,SEROTYPE,G,V,Y,P,A,G,A,E,T,Q,T,T
DQB1*03:229,DQ8,FULL,G,V,Y,P,A,R,T,E,T,Q,T,T
DQB1*03:230,DQ9,SEROTYPE,G,V,Y,P,D,R,T,E,K,Q,T,T
DQB1*03:231,DQ7,FULL,E,V,Y,P,D,R,T,E,T,Q,T,T
DQB1*03:232,DQ7,SEROTYPE,E,V,Y,P,D,R,I,E,T,Q,T,T
DQB1*03:233,DQ8,FULL,G,V,Y,P,A,R,T,E,T,Q,T,T
DQB1*03:234,DQ9,SEROTYPE,G,V,Y,R,D,R,T,E,T,Q,T,T
DQB1*03:235,DQ7,FULL,E,V,Y,P,D,R,T,E,T,Q,T,T
DQB1*03:236,DQ7,FULL,E,V,Y,P,D,R,T,E,T,Q,T,T
DQB1*03:238,DQ9,FULL,G,V,Y,P,D,R,T,E,T,Q,T,T
DQB1*03:239,DQ9,FULL,G,V,Y,P,D,R,T,E,T,Q,T,T
DQB1*03:240,DQ8,FULL,G,V,Y,P,A,R,T,E,T,Q,T,T
DQB1*03:241,DQ7,FULL,E,V,Y,P,D,R,T,E,T,Q,T,T
DQB1*03:242,DQ7,FULL,E,V,Y,P,D,R,T,E,T,Q,T,T
DQB1*03:243,DQ7,FULL,E,V,Y,P,D,R,T,E,T,Q,T,T
DQB1*03:244,DQ9,FULL,G,V,Y,P,D,R,T,E,T,Q,T,T
DQB1*03:245,DQ8,FULL,G,V,Y,P,A,R,T,E,T,Q,T,T
DQB1*03:246,DQ7,FULL,E,V,Y,P,D,R,T,E,T,Q,T,T
DQB1*03:247,DQ8,FULL,G,V,Y,P,A,R,T,E,T,Q,T,T
DQB1*03:248,DQ9,FULL,G,V,Y,P,D,R,T,E,T,Q,T,T
DQB1*03:249,DQ9,FULL,G,V,Y,P,D,R,T,E,T,Q,T,T
DQB1*03:250,DQ8,FULL,G,V,Y,P,A,R,T,E,T,Q,T,T
DQB1*03:251,DQ8,FULL,G,V,Y,P,A,R,T,E,T,Q,T,T
DQB1*03:252,DQ7,FULL,E,V,Y,P,D,R,T,E,T,Q,T,T
DQB1*03:253,DQ7,FULL,E,V,Y,P,D,R,T,E,T,Q,T,T
DQB1*03:254,DQ7,FULL,E,V,Y,P,D,R,T,E,T,Q,T,T
DQB1*03:255,DQ7,FULL,E,V,Y,P,D,R,T,E,T,Q,T,T
DQB1*03:256,DQ7,FULL,E,V,Y,P,D,R,T,E,T,Q,T,T
DQB1*03:257,DQ7,FULL,E,V,Y,P,D,R,T,E,T,Q,T,T
DQB1*03:258,DQ9,FULL,G,V,Y,P,D,R,T,E,T,Q,T,T
DQB1*03:259,DQ8,INCOMPLETE,G,V,Y,R,V,R,T,E,T,Q,T,T
DQB1*03:260,DQ7,FULL,E,V,Y,P,D,R,T,E,T,Q,T,T
DQB1*03:261,DQ8,SEROTYPE,G,V,Y,L,A,R,T,E,T,Q,T,T
DQB1*03:262,DQ8,SEROTYPE,G,V,Y,P,A,R,S,E,T,Q,T,T
DQB1*03:263,DQ8,FULL,G,V,Y,P,A,R,T,E,T,Q,T,T
DQB1*03:264,DQ7,FULL,E,V,Y,P,D,R,T,E,T,Q,T,T
DQB1*03:265,DQ8,FULL,G,V,Y,P,A,R,T,E,T,Q,T,T
DQB1*03:266,DQ7,FULL,E,V,Y,P,D,R,T,E,T,Q,T,T
DQB1*03:267,DQ7,FULL,E,V,Y,P,D,R,T,E,T,Q,T,T
DQB1*03:268,DQ7,FULL,E,V,Y,P,D,R,T,E,T,Q,T,T
DQB1*03:270,DQ9,FULL,G,V,Y,P,D,R,T,E,T,Q,T,T
DQB1*03:271,DQ7,FULL,E,V,Y,P,D,R,T,E,T,Q,T,T
DQB1*03:272,DQ9,FULL,G,V,Y,P,D,R,T,E,T,Q,T,T
DQB1*03:273,DQ8,FULL,G,V,Y,P,A,R,T,E,T,Q,T,T
DQB1*03:274,DQ8,FULL,G,V,Y,P,A,R,T,E,T,Q,T,T
DQB1*03:275,DQ7,FULL,E,V,Y,P,D,R,T,E,T,Q,T,T
DQB1*03:277,DQ8,FULL,G,V,Y,P,A,R,T,E,T,Q,T,T
DQB1*03:278,DQ8,FULL,G,V,Y,P,A,R,T,E,T,Q,T,T
DQB1*03:279,DQ8,FULL,G,V,Y,P,A,R,T,E,T,Q,T,T
DQB1*03:280,DQ9,FULL,G,V,Y,P,D,R,T,E,T,Q,T,T
DQB1*03:281,DQ7,FULL,E,V,Y,P,D,R,T,E,T,Q,T,T
DQB1*03:283,DQ9,SEROTYPE,G,V,Y,P,D,R,I,E,T,Q,T,T
DQB1*03:284,DQ7,FULL,E,V,Y,P,D,R,T,E,T,Q,T,T
DQB1*03:285,DQ7,FULL,E,V,Y,P,D,R,T,E,T,Q,T,T
DQB1*03:286,DQ7,FULL,E,V,Y,P,D,R,T,E,T,Q,T,T
DQB1*03:287,DQ8,FULL,G,V,Y,P,A,R,T,E,T,Q,T,T
DQB1*03:288,DQ7,FULL,E,V,Y,P,D,R,T,E,T,Q,T,T
DQB1*03:289,DQ8,FULL,G,V,Y,P,A,R,T,E,T,Q,T,T
DQB1*03:290,DQ7,FULL,E,V,Y,P,D,R,T,E,T,Q,T,T
DQB1*03:291,DQ7,FULL,E,V,Y,P,D,R,T,E,T,Q,T,T
DQB1*03:292,DQ7,FULL,E,V,Y,P,D,R,T,E,T,Q,T,T
DQB1*03:293,DQ7,FULL,E,V,Y,P,D,R,T,E,T,Q,T,T
DQB1*03:294,DQ7,FULL,E,V,Y,P,D,R,T,E,T,Q,T,T
DQB1*03:295,DQ8,FULL,G,V,Y,P,A,R,T,E,T,Q,T,T
DQB1*03:296,DQ8,FULL,G,V,Y,P,A,R,T,E,T,Q,T,T
DQB1*03:297,DQ7,FULL,E,V,Y,P,D,R,T,E,T,Q,T,T
DQB1*03:298,DQ8,FULL,G,V,Y,P,A,R,T,E,T,Q,T,T
DQB1*03:299,DQ8,FULL,G,V,Y,P,A,R,T,E,T,Q,T,T
DQB1*03:300,DQ8,FULL,G,V,Y,P,A,R,T,E,T,Q,T,T
DQB1*03:301,DQ8,FULL,G,V,Y,P,A,R,T,E,T,Q,T,T
DQB1*03:302,DQ7,FULL,E,V,Y,P,D,R,T,E,T,Q,T,T
DQB1*03:304,DQ9,FULL,G,V,Y,P,D,R,T,E,T,Q,T,T
DQB1*03:305,DQ7,FULL,E,V,Y,P,D,R,T,E,T,Q,T,T
DQB1*03:306,DQ7,SEROTYPE,E,V,Y,P,D,R,T,E,S,Q,T,T
DQB1*03:307,DQ7,FULL,E,V,Y,P,D,R,T,E,T,Q,T,T
DQB1*03:308,DQ8,FULL,G,V,Y,P,A,R,T,E,T,Q,T,T
DQB1*03:309,DQ7,FULL,E,V,Y,P,D,R,T,E,T,Q,T,T
DQB1*03:311,DQ7,FULL,E,V,Y,P,D,R,T,E,T,Q,T,T
DQB1*03:312,DQ7,FULL,E,V,Y,P,D,R,T,E,T,Q,T,T
DQB1*03:313,DQ9,FULL,G,V,Y,P,D,R,T,E,T,Q,T,T
DQB1*03:314,DQ7,FULL,E,V,Y,P,D,R,T,E,T,Q,T,T
DQB1*03:315,DQ8,FULL,G,V,Y,P,A,R,T,E,T,Q,T,T
DQB1*03:316,DQ9,FULL,G,V,Y,P,D,R,T,E,T,Q,T,T
DQB1*03:317,DQ7,FULL,E,V,Y,P,D,R,T,E,T,Q,T,T
DQB1*03:318,DQ7,FULL,E,V,Y,P,A,R,T,E,T,Q,T,T
DQB1*03:319,DQ9,FULL,G,V,Y,P,D,R,T,E,T,Q,T,T
DQB1*03:320,DQ8,FULL,G,V,Y,P,A,R,T,E,T,Q,T,T
DQB1*03:321,DQ8,FULL,G,V,Y,P,A,R,T,E,T,Q,T,T
DQB1*03:322,DQ8,FULL,G,V,Y,P,A,R,T,E,T,Q,T,T
DQB1*03:323,DQ8,FULL,G,V,Y,P,A,R,T,E,T,Q,T,T
DQB1*03:324,DQ8,FULL,G,V,Y,P,A,R,T,E,T,Q,T,T
DQB1*03:326,DQ7,FULL,E,V,Y,P,D,R,T,E,T,Q,T,T
DQB1*03:327,DQ7,FULL,E,V,Y,P,A,R,T,E,T,Q,T,T
DQB1*03:328,DQ7,FULL,E,V,Y,P,D,R,T,E,T,Q,T,T
DQB1*03:329,DQ7,FULL,E,V,Y,P,D,R,T,E,T,Q,T,T
DQB1*03:330,DQ7,FULL,E,V,Y,P,D,R,T,E,T,Q,T,T
DQB1*03:331,DQ7,FULL,E,V,Y,P,D,R,T,E,T,Q,T,T
DQB1*03:332,DQ9,FULL,G,V,Y,P,D,R,T,E,T,Q,T,T
DQB1*03:333,DQ8,FULL,G,V,Y,P,A,R,T,E,T,Q,T,T
DQB1*03:335,DQ7,FULL,E,V,Y,P,D,R,T,E,T,Q,T,T
DQB1*03:336,DQ9,FULL,G,V,Y,P,D,R,T,E,T,Q,T,T
DQB1*03:337,DQ9,FULL,G,V,Y,P,D,R,T,E,T,Q,T,T
DQB1*03:341,DQ7,FULL,E,V,Y,P,D,R,T,E,T,Q,T,T
DQB1*03:342,DQ7,FULL,E,V,Y,P,D,R,T,E,T,Q,T,T
DQB1*03:343,DQ8,FULL,G,V,Y,P,A,R,T,E,T,Q,T,T
DQB1*03:344,DQ8,FULL,G,V,Y,P,A,R,T,E,T,Q,T,T
DQB1*03:345,DQ8,FULL,G,V,Y,P,A,R,T,E,T,Q,T,T
DQB1*03:346,DQ8,FULL,G,V,Y,P,A,R,T,E,T,Q,T,T
DQB1*03:347,DQ7,FULL,E,V,Y,P,D,R,T,E,T,Q,T,T
DQB1*03:348,DQ8,FULL,G,V,Y,P,A,R,T,E,T,Q,T,T
DQB1*03:349,DQ8,FULL,G,V,Y,P,A,R,T,E,T,Q,T,T
DQB1*03:350,DQ7,FULL,E,V,Y,P,D,R,T,E,T,Q,T,T
DQB1*03:351,DQ9,FULL,G,V,Y,P,D,R,T,E,T,Q,T,T
DQB1*03:352,DQ8,FULL,G,V,Y,P,A,R,T,E,T,Q,T,T
DQB1*03:353,DQ7,SEROTYPE,E,L,Y,P,D,R,T,E,T,Q,T,T
DQB1*03:355,DQ7,SEROTYPE,E,V,Y,R,D,R,T,E,T,Q,T,T
DQB1*03:359,DQ7,INCOMPLETE,R,V,Y,P,D,R,T,E,T,Q,T,T
DQB1*03:360,DQ7,FULL,E,V,Y,P,D,R,T,E,T,Q,T,T
DQB1*03:361,DQ7,FULL,E,V,Y,P,D,R,T,E,T,Q,T,T
DQB1*03:362,DQ8,SEROTYPE,G,G,Y,P,A,R,T,E,T,Q,T,T
DQB1*03:363,DQ9,FULL,G,V,Y,P,D,R,T,E,T,Q,T,T
DQB1*03:364,DQ8,FULL,G,V,Y,P,A,R,T,E,T,Q,T,T
DQB1*03:365,DQ9,FULL,G,V,Y,P,D,R,T,E,T,Q,T,T
DQB1*03:366,DQ7,SEROTYPE,E,A,Y,P,D,R,T,E,T,Q,T,T
DQB1*03:367,DQ8,FULL,G,V,Y,P,A,R,T,E,T,Q,T,T
DQB1*03:368,DQ8,FULL,G,V,Y,P,A,R,T,E,T,Q,T,T
DQB1*03:369,DQ8,FULL,G,V,Y,P,A,R,T,E,T,Q,T,T
DQB1*03:370,DQ7,FULL,E,V,Y,P,D,R,T,E,T,Q,T,T
DQB1*03:371,DQ8,FULL,G,V,Y,P,A,R,T,E,T,Q,T,T
DQB1*03:372,DQ7,FULL,E,V,Y,P,D,R,T,E,T,Q,T,T
DQB1*03:373,DQ7,FULL,E,V,Y,P,D,R,T,E,T,Q,T,T
DQB1*03:374,DQ9,FULL,G,V,Y,P,D,R,T,E,T,Q,T,T
DQB1*03:377,DQ7,FULL,E,V,Y,P,D,R,T,E,T,Q,T,T
DQB1*03:378,DQ7,FULL,E,V,Y,P,D,R,T,E,T,Q,T,T
DQB1*03:379,DQ8,FULL,G,V,Y,P,A,R,T,E,T,Q,T,T
DQB1*03:380,DQ7,FULL,E,V,Y,P,D,R,T,E,T,Q,T,T
DQB1*03:381,DQ7,FULL,E,V,Y,P,D,R,T,E,T,Q,T,T
DQB1*03:382,DQ7,FULL,E,V,Y,P,D,R,T,E,T,Q,T,T
DQB1*03:383,DQ8,FULL,G,V,Y,P,A,R,T,E,T,Q,T,T
DQB1*03:384,DQ9,FULL,G,V,Y,P,D,R,T,E,T,Q,T,T
DQB1*03:386,DQ8,FULL,G,V,Y,P,A,R,T,E,T,Q,T,T
DQB1*03:387,DQ7,FULL,E,V,Y,P,D,R,T,E,T,Q,T,T
DQB1*03:388,DQ8,FULL,G,V,Y,P,A,R,T,E,T,Q,T,T
DQB1*03:389,DQ7,FULL,E,V,Y,P,D,R,T,E,T,Q,T,T
DQB1*03:390,DQ7,INCOMPLETE,E,V,Y,P,E,R,T,E,T,Q,T,T
DQB1*03:391,DQ7,FULL,E,V,Y,P,D,R,T,E,T,Q,T,T
DQB1*03:392,DQ8,FULL,G,V,Y,P,A,R,T,E,T,Q,T,T
DQB1*03:393,DQ9,FULL,G,V,Y,P,D,R,T,E,T,Q,T,T
DQB1*03:394,DQ7,FULL,E,V,Y,P,D,R,T,E,T,Q,T,T
DQB1*03:395,DQ9,FULL,G,V,Y,P,D,R,T,E,T,Q,T,T
DQB1*03:396,DQ7,FULL,E,V,Y,P,D,R,T,E,T,Q,T,T
DQB1*03:397,DQ9,FULL,G,V,Y,P,D,R,T,E,T,Q,T,T
DQB1*03:398,DQ9,FULL,G,V,Y,P,D,R,T,E,T,Q,T,T
DQB1*03:401,DQ7,FULL,E,V,Y,P,D,R,T,E,T,Q,T,T
DQB1*03:402,DQ9,FULL,G,V,Y,P,D,R,T,E,T,Q,T,T
DQB1*03:404,DQ7,FULL,E,V,Y,P,D,R,T,E,T,Q,T,T
DQB1*03:405,DQ9,FULL,G,V,Y,P,D,R,T,E,T,Q,T,T
DQB1*03:406,DQ9,FULL,G,V,Y,P,D,R,T,E,T,Q,T,T
DQB1*03:408,DQ7,FULL,E,V,Y,P,D,R,T,E,T,Q,T,T
DQB1*03:409,DQ8,FULL,G,V,Y,P,A,R,T,E,T,Q,T,T
DQB1*03:410,DQ8,FULL,G,V,Y,P,A,R,T,E,T,Q,T,T
DQB1*03:412,DQ8,FULL,G,V,Y,P,A,R,T,E,T,Q,T,T
DQB1*03:413,DQ8,FULL,G,V,Y,P,A,R,T,E,T,Q,T,T
DQB1*03:414,DQ9,FULL,G,V,Y,P,D,R,T,E,T,Q,T,T
DQB1*03:415,DQ8,FULL,G,V,Y,P,A,R,T,E,T,Q,T,T
DQB1*03:416,DQ8,FULL,G,V,Y,P,A,R,T,E,T,Q,T,T
DQB1*03:417,DQ7,FULL,E,V,Y,P,D,R,T,E,T,Q,T,T
DQB1*03:418,DQ7,FULL,E,V,Y,P,D,R,T,E,T,Q,T,T
DQB1*03:419,DQ7,FULL,E,V,Y,P,D,R,T,E,T,Q,T,T
DQB1*03:420,DQ7,FULL,E,V,Y,P,D,R,T,E,T,Q,T,T
DQB1*03:421,DQ7,FULL,E,V,Y,P,D,R,T,E,T,Q,T,T
DQB1*03:423,DQ7,FULL,E,V,Y,P,D,R,T,E,T,Q,T,T
DQB1*03:424,DQ7,FULL,E,V,Y,P,D,R,T,E,T,Q,T,T
DQB1*03:425,DQ7,SEROTYPE,E,V,Y,P,D,R,T,E,K,Q,T,T
DQB1*03:426,DQ7,FULL,E,V,Y,P,D,R,T,E,T,Q,T,T
DQB1*03:428,DQ7,FULL,E,V,Y,P,D,R,T,E,T,Q,T,T
DQB1*03:429,DQ8,FULL,G,V,Y,P,A,R,T,E,T,Q,T,T
DQB1*03:430,DQ7,FULL,E,V,Y,P,D,R,T,E,T,Q,T,T
DQB1*03:431,DQ7,FULL,E,V,Y,P,D,R,T,E,T,Q,T,T
DQB1*03:432,DQ7,FULL,E,V,Y,P,D,R,T,E,T,Q,T,T
DQB1*03:433,DQ8,FULL,G,V,Y,P,A,R,T,E,T,Q,T,T
DQB1*03:434,DQ7,FULL,E,V,Y,P,D,R,T,E,T,Q,T,T
DQB1*03:435,DQ7,SEROTYPE,E,V,Y,P,D,R,T,E,T,Q,A,T
DQB1*03:436,DQ7,FULL,E,V,Y,P,D,R,T,E,T,Q,T,T
DQB1*03:437,DQ8,FULL,G,V,Y,P,A,R,T,E,T,Q,T,T
DQB1*03:438,DQ7,FULL,E,V,Y,P,D,R,T,E,T,Q,T,T
DQB1*03:439,DQ7,FULL,E,V,Y,P,D,R,T,E,T,Q,T,T
DQB1*03:441,DQ8,FULL,G,V,Y,P,A,R,T,E,T,Q,T,T
DQB1*03:442,DQ8,FULL,G,V,Y,P,A,R,T,E,T,Q,T,T
DQB1*03:443,DQ7,FULL,E,V,Y,P,A,R,T,E,T,Q,T,T
DQB1*03:444,DQ8,INCOMPLETE,G,V,Y,P,A,R,T,E,T,E,T,T
DQB1*03:445,DQ9,FULL,G,V,Y,P,D,R,T,E,T,Q,T,T
DQB1*03:446,DQ8,FULL,G,V,Y,P,A,R,T,E,T,Q,T,T
DQB1*03:447,DQ8,FULL,G,V,Y,P,A,R,T,E,T,Q,T,T
DQB1*03:448,DQ7,FULL,E,V,Y,P,D,R,T,E,T,Q,T,T
DQB1*03:449,DQ7,FULL,E,V,Y,P,D,R,T,E,T,Q,T,T
DQB1*03:450,DQ8,SEROTYPE,G,V,Y,L,A,R,T,E,T,Q,T,T
DQB1*03:451,DQ7,FULL,E,V,Y,P,D,R,T,E,T,Q,T,T
DQB1*03:452,DQ8,FULL,G,V,Y,P,A,R,T,E,T,Q,T,T
DQB1*03:453,DQ9,FULL,G,V,Y,P,D,R,T,E,T,Q,T,T
DQB1*03:454,DQ7,FULL,E,V,Y,P,D,R,T,E,T,Q,T,T
DQB1*03:455,DQ7,FULL,E,V,Y,P,D,R,T,E,T,Q,T,T
DQB1*03:456,DQ8,FULL,G,V,Y,P,A,R,T,E,T,Q,T,T
DQB1*03:457,DQ8,FULL,G,V,Y,P,A,R,T,E,T,Q,T,T
DQB1*03:458,DQ7,FULL,E,V,Y,P,D,R,T,E,T,Q,T,T
DQB1*03:459,DQ8,FULL,G,V,Y,P,A,R,T,E,T,Q,T,T
DQB1*03:460,DQ7,FULL,E,V,Y,P,D,R,T,E,T,Q,T,T
DQB1*03:461,DQ9,FULL,G,V,Y,P,D,R,T,E,T,Q,T,T
DQB1*03:462,DQ8,FULL,G,V,Y,P,A,R,T,E,T,Q,T,T
DQB1*03:463,DQ8,FULL,G,V,Y,P,A,R,T,E,T,Q,T,T
DQB1*03:464,DQ8,FULL,G,V,Y,P,A,R,T,E,T,Q,T,T
DQB1*03:465,DQ7,FULL,E,V,Y,P,D,R,T,E,T,Q,T,T
DQB1*03:466,DQ8,FULL,G,V,Y,P,A,R,T,E,T,Q,T,T
DQB1*03:467,DQ7,FULL,E,V,Y,P,D,R,T,E,T,Q,T,T
DQB1*03:468,DQ7,FULL,E,V,Y,P,D,R,T,E,T,Q,T,T
DQB1*03:469,DQ7,FULL,E,V,Y,P,D,R,T,E,T,Q,T,T
DQB1*03:470,DQ7,FULL,E,V,Y,P,D,R,T,E,T,Q,T,T
DQB1*03:471,DQ8,FULL,G,V,Y,P,A,R,T,E,T,Q,T,T
DQB1*03:472,DQ7,FULL,E,V,Y,P,D,R,T,E,T,Q,T,T
DQB1*03:474,DQ8,FULL,G,V,Y,P,A,R,T,E,T,Q,T,T
DQB1*03:475,DQ7,FULL,E,V,Y,P,D,R,T,E,T,Q,T,T
DQB1*03:476,DQ7,FULL,E,V,Y,P,D,R,T,E,T,Q,T,T
DQB1*03:477,DQ9,FULL,G,V,Y,P,D,R,T,E,T,Q,T,T
DQB1*03:478,DQ9,FULL,G,V,Y,P,D,R,T,E,T,Q,T,T
DQB1*03:479,DQ8,FULL,G,V,Y,P,A,R,T,E,T,Q,T,T
DQB1*03:481,DQ8,FULL,G,V,Y,P,A,R,T,E,T,Q,T,T
DQB1*03:482,DQ7,FULL,E,V,Y,P,D,R,T,E,T,Q,T,T
DQB1*03:483,DQ7,FULL,E,V,Y,P,D,R,T,E,T,Q,T,T
DQB1*03:484,DQ8,FULL,G,V,Y,P,A,R,T,E,T,Q,T,T
DQB1*03:485,DQ7,FULL,E,V,Y,P,D,R,T,E,T,Q,T,T
DQB1*03:486,DQ7,FULL,E,V,Y,P,D,R,T,E,T,Q,T,T
DQB1*03:487,DQ9,FULL,G,V,Y,P,D,R,T,E,T,Q,T,T
DQB1*03:489,DQ9,FULL,G,V,Y,P,D,R,T,E,T,Q,T,T
DQB1*03:490,DQ8,FULL,G,V,Y,P,A,R,T,E,T,Q,T,T
DQB1*03:491,DQ7,FULL,E,V,Y,P,D,R,T,E,T,Q,T,T
DQB1*03:492,DQ7,FULL,E,V,Y,P,D,R,T,E,T,Q,T,T
DQB1*03:493,DQ8,FULL,G,V,Y,P,A,R,T,E,T,Q,T,T
DQB1*03:494,DQ9,FULL,G,V,Y,P,D,R,T,E,T,Q,T,T
DQB1*03:495,DQ8,FULL,G,V,Y,P,A,R,T,E,T,Q,T,T
DQB1*03:496,DQ7,FULL,E,V,Y,P,D,R,T,E,T,Q,T,T
DQB1*03:497,DQ7,FULL,E,V,Y,P,D,R,T,E,T,Q,T,T
DQB1*03:498,DQ8,FULL,G,V,Y,P,A,R,T,E,T,Q,T,T
DQB1*03:500,DQ8,FULL,G,V,Y,P,A,R,T,E,T,Q,T,T
DQB1*03:501,DQ8,FULL,G,V,Y,P,A,R,T,E,T,Q,T,T
DQB1*03:502,DQ8,FULL,G,V,Y,P,A,R,T,E,T,Q,T,T
DQB1*03:503,DQ7,SEROTYPE,E,V,Y,P,D,R,T,E,M,Q,T,T
DQB1*03:504,DQ8,FULL,G,V,Y,P,A,R,T,E,T,Q,T,T
DQB1*03:505,DQ9,FULL,G,V,Y,P,D,R,T,E,T,Q,T,T
DQB1*03:506,DQ7,FULL,E,V,Y,P,D,R,T,E,T,Q,T,T
DQB1*03:507,DQ9,FULL,G,V,Y,P,D,R,T,E,T,Q,T,T
DQB1*03:508,DQ7,FULL,E,V,Y,P,D,R,T,E,T,Q,T,T
DQB1*03:510,DQ9,FULL,G,V,Y,P,D,R,T,E,T,Q,T,T
DQB1*03:511,DQ8,FULL,G,V,Y,P,A,R,T,E,T,Q,T,T
DQB1*03:512,DQ8,SEROTYPE,G,V,Y,P,A,R,T,E,T,Q,S,T
DQB1*03:513,DQ7,FULL,E,V,Y,P,D,R,T,E,T,Q,T,T
DQB1*04:01,DQ4,FULL,G,V,Y,R,D,E,D,S,T,Q,T,T
DQB1*04:02,DQ4,FULL,G,V,Y,R,D,E,D,S,T,Q,T,T
DQB1*04:03,DQ4,FULL,G,V,Y,R,D,E,D,S,T,Q,T,T
DQB1*04:04,DQ4,FULL,G,V,Y,R,D,E,D,S,T,Q,T,T
DQB1*04:05,DQ4,FULL,G,V,Y,R,D,E,D,S,T,Q,T,T
DQB1*04:06,DQ4,SEROTYPE,G,V,Y,W,D,E,D,S,T,Q,T,T
DQB1*04:07,DQ4,FULL,G,V,Y,R,D,E,D,S,T,Q,T,T
DQB1*04:08,DQ4,FULL,G,V,Y,R,D,E,D,S,T,Q,T,T
DQB1*04:09,DQ4,SEROTYPE,E,V,Y,P,D,E,D,S,T,Q,T,T
DQB1*04:10,DQ4,FULL,G,V,Y,R,D,E,D,S,T,Q,T,T
DQB1*04:11,DQ4,FULL,G,V,Y,R,D,E,D,S,T,Q,T,T
DQB1*04:12,DQ4,SEROTYPE,G,V,Y,W,D,E,D,S,T,Q,T,T
DQB1*04:13,DQ4,FULL,G,V,Y,R,D,E,D,S,T,Q,T,T
DQB1*04:14,DQ4,FULL,G,V,Y,R,D,E,D,S,T,Q,T,T
DQB1*04:15,DQ4,FULL,G,V,Y,R,D,E,D,S,T,Q,T,T
DQB1*04:16,DQ4,FULL,G,V,Y,R,D,E,D,S,T,Q,T,T
DQB1*04:17,DQ4,FULL,G,V,Y,R,D,E,D,S,T,Q,T,T
DQB1*04:18,DQ4,FULL,G,V,Y,R,D,E,D,S,T,Q,T,T
DQB1*04:19,DQ4,FULL,G,V,Y,R,D,E,D,S,T,Q,T,T
DQB1*04:20,DQ4,FULL,G,V,Y,R,D,E,D,S,T,Q,T,T
DQB1*04:21,DQ4,FULL,G,V,Y,R,D,E,D,S,T,Q,T,T
DQB1*04:22,DQ4,FULL,G,V,Y,R,D,E,D,S,T,Q,T,T
DQB1*04:23,DQ4,FULL,G,V,Y,R,D,E,D,S,T,Q,T,T
DQB1*04:24,DQ4,FULL,G,V,Y,R,D,E,D,S,T,Q,T,T
DQB1*04:26,DQ4,FULL,G,V,Y,R,D,E,D,S,T,Q,T,T
DQB1*04:27,DQ4,FULL,G,V,Y,R,D,E,D,S,T,Q,T,T
DQB1*04:28,DQ4,FULL,G,V,Y,R,D,E,D,S,T,Q,T,T
DQB1*04:29,DQ4,FULL,G,V,Y,R,D,E,D,S,T,Q,T,T
DQB1*04:30,DQ4,FULL,G,V,Y,R,D,E,D,S,T,Q,T,T
DQB1*04:31,DQ4,FULL,G,V,Y,R,D,E,D,S,T,Q,T,T
DQB1*04:32,DQ4,FULL,G,V,Y,R,D,E,D,S,T,Q,T,T
DQB1*04:33,DQ9,INCOMPLETE,G,V,Y,R,D,E,D,A,T,Q,T,T
DQB1*04:34,DQ4,FULL,G,V,Y,R,D,E,D,S,T,Q,T,T
DQB1*04:35,DQ4,FULL,G,V,Y,R,D,E,D,S,T,Q,T,T
DQB1*04:37,DQ4,FULL,G,V,Y,R,D,E,D,S,T,Q,T,T
DQB1*04:38,DQ4,FULL,G,V,Y,R,D,E,D,S,T,Q,T,T
DQB1*04:39,DQ4,FULL,G,V,Y,R,D,E,D,S,T,Q,T,T
DQB1*04:40,DQ4,FULL,G,V,Y,R,D,E,D,S,T,Q,T,T
DQB1*04:42,DQ4,FULL,G,V,Y,R,D,E,D,S,T,Q,T,T
DQB1*04:43,DQ4,FULL,G,V,Y,R,D,E,D,S,T,Q,T,T
DQB1*04:44,DQ4,FULL,G,V,Y,R,D,E,D,S,T,Q,T,T
DQB1*04:45,DQ4,FULL,G,V,Y,R,D,E,D,S,T,Q,T,T
DQB1*04:47,DQ4,FULL,G,V,Y,R,D,E,D,S,T,Q,T,T
DQB1*04:48,DQ4,FULL,G,V,Y,R,D,E,D,S,T,Q,T,T
DQB1*04:49,DQ4,FULL,G,V,Y,R,D,E,D,S,T,Q,T,T
DQB1*04:50,DQ4,FULL,G,V,Y,R,D,E,D,S,T,Q,T,T
DQB1*04:51,DQ4,FULL,G,V,Y,R,D,E,D,S,T,Q,T,T
DQB1*04:52,DQ4,FULL,G,V,Y,R,D,E,D,S,T,Q,T,T
DQB1*04:53,DQ4,FULL,G,V,Y,R,D,E,D,S,T,Q,T,T
DQB1*04:54,DQ4,FULL,G,V,Y,R,D,E,D,S,T,Q,T,T
DQB1*04:55,DQ4,FULL,G,V,Y,R,D,E,D,S,T,Q,T,T
DQB1*04:56,DQ4,FULL,G,V,Y,R,D,E,D,S,T,Q,T,T
DQB1*04:57,DQ4,FULL,G,V,Y,R,D,E,D,S,T,Q,T,T
DQB1*04:58,DQ4,FULL,G,V,Y,R,D,E,D,S,T,Q,T,T
DQB1*04:60,DQ4,FULL,G,V,Y,R,D,E,D,S,T,Q,T,T
DQB1*04:61,DQ4,FULL,G,V,Y,R,D,E,D,S,T,Q,T,T
DQB1*04:62,DQ4,FULL,G,V,Y,R,D,E,D,S,T,Q,T,T
DQB1*04:63,DQ4,SEROTYPE,G,V,Y,P,D,E,D,S,T,Q,T,T
DQB1*04:64,DQ4,FULL,G,V,Y,R,D,E,D,S,T,Q,T,T
DQB1*04:65,DQ4,FULL,G,V,Y,R,D,E,D,S,T,Q,T,T
DQB1*04:66,DQ4,FULL,G,V,Y,R,D,E,D,S,T,Q,T,T
DQB1*04:67,DQ4,FULL,G,V,Y,R,D,E,D,S,T,Q,T,T
DQB1*04:69,DQ4,FULL,G,V,Y,R,D,E,D,S,T,Q,T,T
DQB1*04:70,DQ4,FULL,G,V,Y,R,D,E,D,S,T,Q,T,T
DQB1*04:71,DQ4,FULL,G,V,Y,R,D,E,D,S,T,Q,T,T
DQB1*04:72,DQ4,FULL,G,V,Y,R,D,E,D,S,T,Q,T,T
DQB1*04:74,DQ4,FULL,G,V,Y,R,D,E,D,S,T,Q,T,T
DQB1*04:75,DQ4,SEROTYPE,G,V,Y,P,A,E,D,S,T,Q,T,T
DQB1*04:76,DQ4,FULL,G,V,Y,R,D,E,D,S,T,Q,T,T
DQB1*04:77,DQ4,FULL,G,V,Y,R,D,E,D,S,T,Q,T,T
DQB1*04:78,DQ4,FULL,G,V,Y,R,D,E,D,S,T,Q,T,T
DQB1*04:79,DQ4,FULL,G,V,Y,R,D,E,D,S,T,Q,T,T
DQB1*04:80,DQ4,FULL,G,V,Y,R,D,E,D,S,T,Q,T,T
DQB1*04:81,DQ4,FULL,G,V,Y,R,D,E,D,S,T,Q,T,T
DQB1*04:82,DQ4,FULL,G,V,Y,R,D,E,D,S,T,Q,T,T
DQB1*04:83,DQ4,FULL,G,V,Y,R,D,E,D,S,T,Q,T,T
DQB1*04:84,DQ4,FULL,G,V,Y,R,D,E,D,S,T,Q,T,T
DQB1*04:85,DQ4,FULL,G,V,Y,R,D,E,D,S,T,Q,T,T
DQB1*04:86,DQ4,FULL,G,V,Y,R,D,E,D,S,T,Q,T,T
DQB1*04:87,DQ4,FULL,G,V,Y,R,D,E,D,S,T,Q,T,T
DQB1*04:88,DQ4,FULL,G,V,Y,R,D,E,D,S,T,Q,T,T
DQB1*04:89,DQ4,FULL,G,V,Y,R,D,E,D,S,T,Q,T,T
DQB1*04:90,DQ4,FULL,G,V,Y,R,D,E,D,S,T,Q,T,T
DQB1*04:91,DQ4,FULL,G,V,Y,R,D,E,D,S,T,Q,T,T
DQB1*04:92,DQ4,FULL,G,V,Y,R,D,E,D,S,T,Q,T,T
DQB1*04:93,DQ4,FULL,G,V,Y,R,D,E,D,S,T,Q,T,T
DQB1*04:94,DQ4,FULL,G,V,Y,R,D,E,D,S,T,Q,T,T
DQB1*04:95,DQ4,FULL,G,V,Y,R,D,E,D,S,T,Q,T,T
DQB1*04:96,DQ4,FULL,G,V,Y,R,D,E,D,S,T,Q,T,T
DQB1*04:97,DQ4,FULL,G,V,Y,R,D,E,D,S,T,Q,T,T
DQB1*05:01,DQ5,FULL,G,V,Y,R,V,G,A,S,R,E,G,I
DQB1*05:02,DQ5,FULL,G,V,Y,R,S,G,A,S,R,E,G,I
DQB1*05:03,DQ5,FULL,G,V,Y,R,D,G,A,S,R,E,G,I
DQB1*05:04,DQ5,SEROTYPE,G,V,Y,R,S,E,D,S,R,E,G,I
DQB1*05:05,DQ5,FULL,G,V,Y,R,S,G,A,S,R,E,G,I
DQB1*05:06,DQ5,FULL,G,V,Y,R,D,G,A,S,R,E,G,I
DQB1*05:07,DQ5,FULL,G,V,Y,R,V,G,A,S,R,E,G,I
DQB1*05:08,DQ5,FULL,G,V,Y,R,D,G,A,S,R,E,G,I
DQB1*05:09,DQ5,FULL,G,V,Y,R,D,G,A,S,R,E,G,I
DQB1*05:10,DQ5,FULL,G,V,Y,R,D,G,A,S,R,E,G,I
DQB1*05:11,DQ5,FULL,G,V,Y,R,V,G,A,S,R,E,G,I
DQB1*05:12,DQ5,FULL,G,V,Y,R,V,G,A,S,R,E,G,I
DQB1*05:13,DQ5,FULL,G,V,Y,R,D,G,A,S,R,E,G,I
DQB1*05:14,DQ5,FULL,G,V,Y,R,S,G,A,S,R,E,G,I
DQB1*05:15,DQ5,FULL,G,V,Y,R,D,G,A,S,R,E,G,I
DQB1*05:16,DQ5,FULL,G,V,Y,R,D,G,A,S,R,E,G,I
DQB1*05:17,DQ5,FULL,G,V,Y,R,S,G,A,S,R,E,G,I
DQB1*05:18,DQ5,FULL,G,V,Y,R,V,G,A,S,R,E,G,I
DQB1*05:19,DQ5,FULL,G,V,Y,R,S,G,A,S,R,E,G,I
DQB1*05:20,DQ5,FULL,G,V,Y,R,V,G,A,S,R,E,G,I
DQB1*05:21,DQ5,FULL,G,V,Y,R,V,G,A,S,R,E,G,I
DQB1*05:22,DQ5,FULL,G,V,Y,R,V,G,A,S,R,E,G,I
DQB1*05:23,DQ5,FULL,G,V,Y,R,D,G,A,S,R,E,G,I
DQB1*05:24,DQ5,FULL,G,V,Y,R,D,G,A,S,R,E,G,I
DQB1*05:25,DQ5,FULL,G,V,Y,R,V,G,A,S,R,E,G,I
DQB1*05:26,DQ5,FULL,G,V,Y,R,S,G,A,S,R,E,G,I
DQB1*05:27,DQ5,FULL,G,V,Y,R,V,G,A,S,R,E,G,I
DQB1*05:28,DQ5,FULL,G,V,Y,R,D,G,A,S,R,E,G,I
DQB1*05:29,DQ5,FULL,G,V,Y,R,V,G,A,S,R,E,G,I
DQB1*05:30,DQ5,FULL,G,V,Y,R,V,G,A,S,R,E,G,I
DQB1*05:31,DQ5,FULL,G,V,Y,R,V,G,A,S,R,E,G,I
DQB1*05:32,DQ5,FULL,G,V,Y,R,V,G,A,S,R,E,G,I
DQB1*05:33,DQ5,INCOMPLETE,G,V,Y,R,S,G,A,L,R,E,G,I
DQB1*05:34,DQ5,INCOMPLETE,G,V,Y,R,S,G,A,S,R,E,R,I
DQB1*05:35,DQ5,FULL,G,V,Y,R,S,G,A,S,R,E,G,I
DQB1*05:36,DQ5,FULL,G,V,Y,R,S,G,A,S,R,E,G,I
DQB1*05:37,DQ5,FULL,G,V,Y,R,S,G,A,S,R,E,G,I
DQB1*05:38,DQ5,FULL,G,V,Y,R,D,G,A,S,R,E,G,I
DQB1*05:39,DQ5,FULL,G,V,Y,R,D,G,A,S,R,E,G,I
DQB1*05:40,DQ5,FULL,G,V,Y,R,D,G,A,S,R,E,G,I
DQB1*05:42,DQ5,FULL,G,V,Y,R,D,G,A,S,R,E,G,I
DQB1*05:43,DQ5,FULL,G,V,Y,R,D,G,A,S,R,E,G,I
DQB1*05:44,DQ5,INCOMPLETE,G,V,Y,R,V,G,A,S,R,E,R,I
DQB1*05:45,DQ5,FULL,G,V,Y,R,V,G,A,S,R,E,G,I
DQB1*05:46,DQ5,FULL,G,V,Y,R,S,G,A,S,R,E,G,I
DQB1*05:47,DQ5,FULL,G,V,Y,R,S,G,A,S,R,E,G,I
DQB1*05:48,DQ5,SEROTYPE,G,V,H,R,V,G,A,S,R,E,G,I
DQB1*05:49,DQ5,FULL,G,V,Y,R,V,G,A,S,R,E,G,I
DQB1*05:50,DQ5,FULL,G,V,Y,R,D,G,A,S,R,E,G,I
DQB1*05:51,DQ5,FULL,G,V,Y,R,V,G,A,S,R,E,G,I
DQB1*05:52,DQ5,SEROTYPE,G,V,Y,R,S,E,D,S,R,E,G,I
DQB1*05:53,DQ5,FULL,G,V,Y,R,S,G,A,S,R,E,G,I
DQB1*05:54,DQ5,INCOMPLETE,G,V,Y,R,V,G,A,S,R,E,G,F
DQB1*05:55,DQ5,FULL,G,V,Y,R,V,G,A,S,R,E,G,I
DQB1*05:56,DQ5,FULL,G,V,Y,R,D,G,A,S,R,E,G,I
DQB1*05:57,DQ5,FULL,G,V,Y,R,S,G,A,S,R,E,G,I
DQB1*05:58,DQ5,SEROTYPE,G,V,Y,R,N,G,A,S,R,E,G,I
DQB1*05:59,DQ5,FULL,G,V,Y,R,S,G,A,S,R,E,G,I
DQB1*05:60,DQ5,FULL,G,V,Y,R,D,G,A,S,R,E,G,I
DQB1*05:61,DQ5,FULL,G,V,Y,R,V,G,A,S,R,E,G,I
DQB1*05:62,DQ5,FULL,G,V,Y,R,V,G,A,S,R,E,G,I
DQB1*05:63,DQ5,SEROTYPE,E,V,Y,R,V,G,A,S,R,E,G,I
DQB1*05:64,DQ5,SEROTYPE,G,V,Y,R,D,R,A,S,R,E,G,I
DQB1*05:65,DQ5,FULL,G,V,Y,R,S,G,A,S,R,E,G,I
DQB1*05:66,DQ5,FULL,G,V,Y,R,D,G,A,S,R,E,G,I
DQB1*05:67,DQ5,FULL,G,V,Y,R,D,G,A,S,R,E,G,I
DQB1*05:68,DQ5,FULL,G,V,Y,R,V,G,A,S,R,E,G,I
DQB1*05:69,DQ5,SEROTYPE,G,V,Y,R,V,R,T,S,R,E,G,I
DQB1*05:70,DQ5,FULL,G,V,Y,R,V,G,A,S,R,E,G,I
DQB1*05:71,DQ5,INCOMPLETE,G,V,Y,R,V,G,A,P,R,E,G,I
DQB1*05:72,DQ5,FULL,G,V,Y,R,V,G,A,S,R,E,G,I
DQB1*05:73,DQ5,FULL,G,V,Y,R,V,G,A,S,R,E,G,I
DQB1*05:74,DQ5,FULL,G,V,Y,R,V,G,A,S,R,E,G,I
DQB1*05:75,DQ5,FULL,G,V,Y,R,V,G,A,S,R,E,G,I
DQB1*05:76,DQ5,SEROTYPE,G,V,Y,W,V,G,A,S,R,E,G,I
DQB1*05:77,DQ5,SEROTYPE,G,V,Y,R,S,E,D,S,R,E,G,I
DQB1*05:78,DQ5,FULL,G,V,Y,R,D,G,A,S,R,E,G,I
DQB1*05:79,DQ5,FULL,G,V,Y,R,S,G,A,S,R,E,G,I
DQB1*05:80,DQ5,FULL,G,V,Y,R,V,G,A,S,R,E,G,I
DQB1*05:81,DQ5,FULL,G,V,Y,R,V,G,A,S,R,E,G,I
DQB1*05:82,DQ5,FULL,G,V,Y,R,V,G,A,S,R,E,G,I
DQB1*05:83,DQ5,FULL,G,V,Y,R,S,G,A,S,R,E,G,I
DQB1*05:84,DQ5,FULL,G,V,Y,R,V,G,A,S,R,E,G,I
DQB1*05:85,DQ5,INCOMPLETE,G,V,Y,R,D,G,A,S,T,E,G,I
DQB1*05:86,DQ5,FULL,G,V,Y,R,S,G,A,S,R,E,G,I
DQB1*05:88,DQ5,FULL,G,V,Y,R,V,G,A,S,R,E,G,I
DQB1*05:89,DQ5,FULL,G,V,Y,R,V,G,A,S,R,E,G,I
DQB1*05:91,DQ5,SEROTYPE,G,M,Y,R,D,G,A,S,R,E,G,I
DQB1*05:92,DQ5,INCOMPLETE,G,V,Y,R,V,G,A,S,R,K,G,I
DQB1*05:93,DQ5,FULL,G,V,Y,R,V,G,A,S,R,E,G,I
DQB1*05:94,DQ5,FULL,G,V,Y,R,S,G,A,S,R,E,G,I
DQB1*05:95,DQ5,INCOMPLETE,G,V,Y,R,V,G,A,S,K,E,G,I
DQB1*05:96,DQ5,FULL,G,V,Y,R,D,G,A,S,R,E,G,I
DQB1*05:97,DQ5,FULL,G,V,Y,R,S,G,A,S,R,E,G,I
DQB1*05:98,DQ5,FULL,G,V,Y,R,D,G,A,S,R,E,G,I
DQB1*05:99,DQ5,FULL,G,V,Y,R,V,G,A,S,R,E,G,I
DQB1*05:100,DQ5,FULL,G,V,Y,R,S,G,A,S,R,E,G,I
DQB1*05:101,DQ5,SEROTYPE,G,V,Y,R,D,G,S,S,R,E,G,I
DQB1*05:102,DQ5,FULL,G,V,Y,R,S,G,A,S,R,E,G,I
DQB1*05:103,DQ5,FULL,G,V,Y,R,V,G,A,S,R,E,G,I
DQB1*05:104,DQ5,FULL,G,V,Y,R,V,G,A,S,R,E,G,I
DQB1*05:105,DQ5,FULL,G,V,Y,R,V,G,A,S,R,E,G,I
DQB1*05:106,DQ5,FULL,G,V,Y,R,S,G,A,S,R,E,G,I
DQB1*05:107,DQ5,FULL,G,V,Y,R,V,G,A,S,R,E,G,I
DQB1*05:108,DQ5,FULL,G,V,Y,R,D,G,A,S,R,E,G,I
DQB1*05:109,DQ5,INCOMPLETE,G,V,Y,R,D,G,A,S,R,K,G,I
DQB1*05:111,DQ5,FULL,G,V,Y,R,V,G,A,S,R,E,G,I
DQB1*05:112,DQ5,FULL,G,V,Y,R,V,G,A,S,R,E,G,I
DQB1*05:113,DQ5,FULL,G,V,Y,R,S,G,A,S,R,E,G,I
DQB1*05:114,DQ5,FULL,G,V,Y,R,V,G,A,S,R,E,G,I
DQB1*05:115,DQ5,SEROTYPE,G,M,Y,R,V,G,A,S,R,E,G,I
DQB1*05:116,DQ5,FULL,G,V,Y,R,S,G,A,S,R,E,G,I
DQB1*05:117,DQ5,FULL,G,V,Y,R,S,G,A,S,R,E,G,I
DQB1*05:118,DQ5,FULL,G,V,Y,R,S,G,A,S,R,E,G,I
DQB1*05:119,DQ5,FULL,G,V,Y,R,D,G,A,S,R,E,G,I
DQB1*05:120,DQ5,FULL,G,V,Y,R,V,G,A,S,R,E,G,I
DQB1*05:121,DQ5,FULL,G,V,Y,R,D,G,A,S,R,E,G,I
DQB1*05:122,DQ5,FULL,G,V,Y,R,V,G,A,S,R,E,G,I
DQB1*05:123,DQ5,FULL,G,V,Y,R,S,G,A,S,R,E,G,I
DQB1*05:124,DQ5,FULL,G,V,Y,R,V,G,A,S,R,E,G,I
DQB1*05:125,DQ5,FULL,G,V,Y,R,S,G,A,S,R,E,G,I
DQB1*05:126,DQ5,FULL,G,V,Y,R,V,G,A,S,R,E,G,I
DQB1*05:127,DQ5,SEROTYPE,G,V,Y,R,V,G,T,S,R,E,G,I
DQB1*05:129,DQ5,FULL,G,V,Y,R,D,G,A,S,R,E,G,I
DQB1*05:130,DQ5,INCOMPLETE,G,V,Y,R,D,G,A,S,R,E,R,I
DQB1*05:131,DQ5,SEROTYPE,G,V,Y,P,D,G,A,S,R,E,G,I
DQB1*05:133,DQ5,FULL,G,V,Y,R,V,G,A,S,R,E,G,I
DQB1*05:134,DQ5,FULL,G,V,Y,R,D,G,A,S,R,E,G,I
DQB1*05:135,DQ5,FULL,G,V,Y,R,S,G,A,S,R,E,G,I
DQB1*05:136,DQ5,FULL,G,V,Y,R,S,G,A,S,R,E,G,I
DQB1*05:137,DQ5,FULL,G,V,Y,R,V,G,A,S,R,E,G,I
DQB1*05:138,DQ5,FULL,G,V,Y,R,V,G,A,S,R,E,G,I
DQB1*05:139,DQ5,FULL,G,V,Y,R,V,G,A,S,R,E,G,I
DQB1*05:140,DQ5,FULL,G,V,Y,R,D,G,A,S,R,E,G,I
DQB1*05:141,DQ5,SEROTYPE,G,V,Y,R,I,G,A,S,R,E,G,I
DQB1*05:142,DQ5,SEROTYPE,G,V,Y,R,S,E,D,S,R,E,G,I
DQB1*05:143,DQ5,FULL,G,V,Y,R,D,G,A,S,R,E,G,I
DQB1*05:144,DQ5,FULL,G,V,Y,R,V,G,A,S,R,E,G,I
DQB1*05:145,DQ5,SEROTYPE,G,V,Y,R,S,G,S,S,R,E,G,I
DQB1*05:146,DQ5,FULL,G,V,Y,R,S,G,A,S,R,E,G,I
DQB1*05:147,DQ5,FULL,G,V,Y,R,D,G,A,S,R,E,G,I
DQB1*05:148,DQ5,FULL,G,V,Y,R,V,G,A,S,R,E,G,I
DQB1*05:149,DQ5,FULL,G,V,Y,R,D,G,A,S,R,E,G,I
DQB1*05:150,DQ5,FULL,G,V,Y,R,V,G,A,S,R,E,G,I
DQB1*05:151,DQ5,FULL,G,V,Y,R,V,G,A,S,R,E,G,I
DQB1*05:152,DQ5,FULL,G,V,Y,R,V,G,A,S,R,E,G,I
DQB1*05:153,DQ5,SEROTYPE,G,V,Y,R,S,R,T,S,R,E,G,I
DQB1*05:154,DQ5,FULL,G,V,Y,R,V,G,A,S,R,E,G,I
DQB1*05:155,DQ5,FULL,G,V,Y,R,V,G,A,S,R,E,G,I
DQB1*05:156,DQ5,FULL,G,V,Y,R,V,G,A,S,R,E,G,I
DQB1*05:157,DQ5,FULL,G,V,Y,R,V,G,A,S,R,E,G,I
DQB1*05:158,DQ5,FULL,G,V,Y,R,V,G,A,S,R,E,G,I
DQB1*05:159,DQ5,FULL,G,V,Y,R,V,G,A,S,R,E,G,I
DQB1*05:160,DQ5,FULL,G,V,Y,R,V,G,A,S,R,E,G,I
DQB1*05:161,DQ5,FULL,G,V,Y,R,D,G,A,S,R,E,G,I
DQB1*05:162,DQ5,FULL,G,V,Y,R,V,G,A,S,R,E,G,I
DQB1*05:163,DQ5,FULL,G,V,Y,R,V,G,A,S,R,E,G,I
DQB1*05:164,DQ5,FULL,G,V,Y,R,V,G,A,S,R,E,G,I
DQB1*05:165,DQ5,FULL,G,V,Y,R,S,G,A,S,R,E,G,I
DQB1*05:166,DQ5,SEROTYPE,G,V,Y,R,V,G,D,S,R,E,G,I
DQB1*05:167,DQ5,FULL,G,V,Y,R,V,G,A,S,R,E,G,I
DQB1*05:168,DQ5,SEROTYPE,G,V,Y,R,V,G,V,S,R,E,G,I
DQB1*05:169,DQ5,FULL,G,V,Y,R,V,G,A,S,R,E,G,I
DQB1*05:170,DQ5,INCOMPLETE,G,V,Y,R,S,G,A,S,R,K,G,I
DQB1*05:171,DQ5,FULL,G,V,Y,R,V,G,A,S,R,E,G,I
DQB1*05:172,DQ5,FULL,G,V,Y,R,S,G,A,S,R,E,G,I
DQB1*05:173,DQ5,FULL,G,V,Y,R,V,G,A,S,R,E,G,I
DQB1*05:174,DQ5,FULL,G,V,Y,R,S,G,A,S,R,E,G,I
DQB1*05:175,DQ5,FULL,G,V,Y,R,S,G,A,S,R,E,G,I
DQB1*05:176,DQ5,FULL,G,V,Y,R,V,G,A,S,R,E,G,I
DQB1*05:177,DQ5,SEROTYPE,G,V,Y,Q,V,G,A,S,R,E,G,I
DQB1*05:178,DQ5,FULL,G,V,Y,R,S,G,A,S,R,E,G,I
DQB1*05:179,DQ5,FULL,G,V,Y,R,S,G,A,S,R,E,G,I
DQB1*05:180,DQ5,FULL,G,V,Y,R,V,G,A,S,R,E,G,I
DQB1*05:181,DQ5,FULL,G,V,Y,R,S,G,A,S,R,E,G,I
DQB1*05:182,DQ5,FULL,G,V,Y,R,V,G,A,S,R,E,G,I
DQB1*05:183,DQ5,FULL,G,V,Y,R,V,G,A,S,R,E,G,I
DQB1*05:184,DQ5,FULL,G,V,Y,R,V,G,A,S,R,E,G,I
DQB1*05:186,DQ5,FULL,G,V,Y,R,S,G,A,S,R,E,G,I
DQB1*05:187,DQ5,FULL,G,V,Y,R,V,G,A,S,R,E,G,I
DQB1*05:188,DQ5,FULL,G,V,Y,R,V,G,A,S,R,E,G,I
DQB1*05:189,DQ5,FULL,G,V,Y,R,S,G,A,S,R,E,G,I
DQB1*05:190,DQ5,FULL,G,V,Y,R,V,G,A,S,R,E,G,I
DQB1*05:191,DQ5,FULL,G,V,Y,R,D,G,A,S,R,E,G,I
DQB1*05:192,DQ5,FULL,G,V,Y,R,S,G,A,S,R,E,G,I
DQB1*05:193,DQ5,FULL,G,V,Y,R,V,G,A,S,R,E,G,I
DQB1*05:194,DQ5,FULL,G,V,Y,R,V,G,A,S,R,E,G,I
DQB1*05:195,DQ5,FULL,G,V,Y,R,V,G,A,S,R,E,G,I
DQB1*05:196,DQ5,FULL,G,V,Y,R,S,G,A,S,R,E,G,I
DQB1*05:197,DQ5,FULL,G,V,Y,R,V,G,A,S,R,E,G,I
DQB1*05:198,DQ5,FULL,G,V,Y,R,S,G,A,S,R,E,G,I
DQB1*05:199,DQ5,FULL,G,V,Y,R,S,G,A,S,R,E,G,I
DQB1*05:200,DQ5,FULL,G,V,Y,R,D,G,A,S,R,E,G,I
DQB1*05:201,DQ5,FULL,G,V,Y,R,D,G,A,S,R,E,G,I
DQB1*05:202,DQ5,FULL,G,V,Y,R,D,G,A,S,R,E,G,I
DQB1*05:203,DQ5,FULL,G,V,Y,R,D,G,A,S,R,E,G,I
DQB1*05:204,DQ5,FULL,G,V,Y,R,D,G,A,S,R,E,G,I
DQB1*05:205,DQ5,FULL,G,V,Y,R,D,G,A,S,R,E,G,I
DQB1*05:207,DQ5,FULL,G,V,Y,R,D,G,A,S,R,E,G,I
DQB1*05:209,DQ5,FULL,G,V,Y,R,D,G,A,S,R,E,G,I
DQB1*05:210,DQ5,FULL,G,V,Y,R,D,G,A,S,R,E,G,I
DQB1*05:211,DQ5,FULL,G,V,Y,R,D,G,A,S,R,E,G,I
DQB1*05:212,DQ5,FULL,G,V,Y,R,D,G,A,S,R,E,G,I
DQB1*05:213,DQ5,FULL,G,V,Y,R,D,G,A,S,R,E,G,I
DQB1*05:214,DQ5,INCOMPLETE,G,V,Y,R,D,G,A,S,R,D,G,I
DQB1*05:216,DQ5,FULL,G,V,Y,R,V,G,A,S,R,E,G,I
DQB1*05:217,DQ5,FULL,G,V,Y,R,V,G,A,S,R,E,G,I
DQB1*05:218,DQ5,FULL,G,V,Y,R,D,G,A,S,R,E,G,I
DQB1*05:219,DQ5,FULL,G,V,Y,R,V,G,A,S,R,E,G,I
DQB1*05:220,DQ5,FULL,G,V,Y,R,D,G,A,S,R,E,G,I
DQB1*05:221,DQ5,FULL,G,V,Y,R,D,G,A,S,R,E,G,I
DQB1*05:222,DQ5,FULL,G,V,Y,R,S,G,A,S,R,E,G,I
DQB1*05:223,DQ5,FULL,G,V,Y,R,V,G,A,S,R,E,G,I
DQB1*05:225,DQ5,FULL,G,V,Y,R,V,G,A,S,R,E,G,I
DQB1*05:226,DQ5,FULL,G,V,Y,R,V,G,A,S,R,E,G,I
DQB1*05:227,DQ5,FULL,G,V,Y,R,S,G,A,S,R,E,G,I
DQB1*05:228,DQ5,FULL,G,V,Y,R,V,G,A,S,R,E,G,I
DQB1*05:229,DQ5,FULL,G,V,Y,R,S,G,A,S,R,E,G,I
DQB1*05:230,DQ5,FULL,G,V,Y,R,V,G,A,S,R,E,G,I
DQB1*05:231,DQ5,FULL,G,V,Y,R,S,G,A,S,R,E,G,I
DQB1*05:232,DQ5,FULL,G,V,Y,R,V,G,A,S,R,E,G,I
DQB1*05:233,DQ5,FULL,G,V,Y,R,D,G,A,S,R,E,G,I
DQB1*05:234,DQ5,FULL,G,V,Y,R,V,G,A,S,R,E,G,I
DQB1*05:237,DQ5,FULL,G,V,Y,R,V,G,A,S,R,E,G,I
DQB1*05:238,DQ5,FULL,G,V,Y,R,S,G,A,S,R,E,G,I
DQB1*05:239,DQ5,FULL,G,V,Y,R,S,G,A,S,R,E,G,I
DQB1*05:240,DQ5,FULL,G,V,Y,R,V,G,A,S,R,E,G,I
DQB1*05:241,DQ5,FULL,G,V,Y,R,S,G,A,S,R,E,G,I
DQB1*05:242,DQ5,FULL,G,V,Y,R,V,G,A,S,R,E,G,I
DQB1*05:243,DQ5,FULL,G,V,Y,R,D,G,A,S,R,E,G,I
DQB1*05:244,DQ5,FULL,G,V,Y,R,D,G,A,S,R,E,G,I
DQB1*05:245,DQ5,FULL,G,V,Y,R,D,G,A,S,R,E,G,I
DQB1*05:246,DQ5,FULL,G,V,Y,R,V,G,A,S,R,E,G,I
DQB1*05:247,DQ5,FULL,G,V,Y,R,S,G,A,S,R,E,G,I
DQB1*05:248,DQ5,FULL,G,V,Y,R,V,G,A,S,R,E,G,I
DQB1*05:249,DQ5,FULL,G,V,Y,R,V,G,A,S,R,E,G,I
DQB1*05:250,DQ5,FULL,G,V,Y,R,S,G,A,S,R,E,G,I
DQB1*05:251,DQ5,FULL,G,V,Y,R,S,G,A,S,R,E,G,I
DQB1*05:252,DQ5,FULL,G,V,Y,R,V,G,A,S,R,E,G,I
DQB1*05:253,DQ5,FULL,G,V,Y,R,S,G,A,S,R,E,G,I
DQB1*05:254,DQ5,SEROTYPE,G,V,Y,R,S,G,G,S,R,E,G,I
DQB1*05:255,DQ5,FULL,G,V,Y,R,V,G,A,S,R,E,G,I
DQB1*05:256,DQ5,FULL,G,V,Y,R,V,G,A,S,R,E,G,I
DQB1*05:257,DQ5,FULL,G,V,Y,R,S,G,A,S,R,E,G,I
DQB1*05:258,DQ5,FULL,G,V,Y,R,V,G,A,S,R,E,G,I
DQB1*05:259,DQ5,FULL,G,V,Y,R,D,G,A,S,R,E,G,I
DQB1*05:260,DQ5,FULL,G,V,Y,R,D,G,A,S,R,E,G,I
DQB1*05:261,DQ5,FULL,G,V,Y,R,V,G,A,S,R,E,G,I
DQB1*05:262,DQ5,SEROTYPE,G,V,Y,R,S,E,D,S,R,E,G,I
DQB1*05:263,DQ5,FULL,G,V,Y,R,V,G,A,S,R,E,G,I
DQB1*05:264,DQ5,FULL,G,V,Y,R,D,G,A,S,R,E,G,I
DQB1*05:266,DQ5,FULL,G,V,Y,R,V,G,A,S,R,E,G,I
DQB1*05:267,DQ5,FULL,G,V,Y,R,V,G,A,S,R,E,G,I
DQB1*05:268,DQ5,FULL,G,V,Y,R,V,G,A,S,R,E,G,I
DQB1*05:269,DQ5,FULL,G,V,Y,R,V,G,A,S,R,E,G,I
DQB1*05:270,DQ5,FULL,G,V,Y,R,V,G,A,S,R,E,G,I
DQB1*05:271,DQ5,FULL,G,V,Y,R,V,G,A,S,R,E,G,I
DQB1*05:272,DQ5,FULL,G,V,Y,R,V,G,A,S,R,E,G,I
DQB1*05:274,DQ5,FULL,G,V,Y,R,S,G,A,S,R,E,G,I
DQB1*05:275,DQ5,FULL,G,V,Y,R,V,G,A,S,R,E,G,I
DQB1*05:276,DQ5,SEROTYPE,G,V,Y,P,D,G,A,S,R,E,G,I
DQB1*05:277,DQ5,FULL,G,V,Y,R,V,G,A,S,R,E,G,I
DQB1*05:278,DQ5,FULL,G,V,Y,R,S,G,A,S,R,E,G,I
DQB1*05:279,DQ5,FULL,G,V,Y,R,V,G,A,S,R,E,G,I
DQB1*05:280,DQ5,FULL,G,V,Y,R,D,G,A,S,R,E,G,I
DQB1*05:281,DQ5,FULL,G,V,Y,R,D,G,A,S,R,E,G,I
DQB1*05:282,DQ5,FULL,G,V,Y,R,D,G,A,S,R,E,G,I
DQB1*05:284,DQ5,FULL,G,V,Y,R,S,G,A,S,R,E,G,I
DQB1*05:285,DQ5,FULL,G,V,Y,R,V,G,A,S,R,E,G,I
DQB1*05:286,DQ5,FULL,G,V,Y,R,V,G,A,S,R,E,G,I
DQB1*05:287,DQ5,FULL,G,V,Y,R,S,G,A,S,R,E,G,I
DQB1*05:288,DQ5,FULL,G,V,Y,R,V,G,A,S,R,E,G,I
DQB1*05:289,DQ5,FULL,G,V,Y,R,D,G,A,S,R,E,G,I
DQB1*05:290,DQ5,FULL,G,V,Y,R,V,G,A,S,R,E,G,I
DQB1*05:291,DQ5,FULL,G,V,Y,R,V,G,A,S,R,E,G,I
DQB1*05:292,DQ5,FULL,G,V,Y,R,V,G,A,S,R,E,G,I
DQB1*05:293,DQ5,FULL,G,V,Y,R,D,G,A,S,R,E,G,I
DQB1*05:294,DQ5,FULL,G,V,Y,R,D,G,A,S,R,E,G,I
DQB1*05:296,DQ5,FULL,G,V,Y,R,D,G,A,S,R,E,G,I
DQB1*05:297,DQ5,FULL,G,V,Y,R,V,G,A,S,R,E,G,I
DQB1*05:298,DQ5,FULL,G,V,Y,R,V,G,A,S,R,E,G,I
DQB1*05:299,DQ5,FULL,G,V,Y,R,V,G,A,S,R,E,G,I
DQB1*05:300,DQ5,FULL,G,V,Y,R,V,G,A,S,R,E,G,I
DQB1*05:301,DQ5,SEROTYPE,G,V,Y,R,D,G,T,S,R,E,G,I
DQB1*05:302,DQ5,FULL,G,V,Y,R,V,G,A,S,R,E,G,I
DQB1*05:303,DQ5,FULL,G,V,Y,R,V,G,A,S,R,E,G,I
DQB1*05:304,DQ5,FULL,G,V,Y,R,S,G,A,S,R,E,G,I
DQB1*05:305,DQ5,FULL,G,V,Y,R,D,G,A,S,R,E,G,I
DQB1*05:306,DQ5,FULL,G,V,Y,R,D,G,A,S,R,E,G,I
DQB1*05:307,DQ5,FULL,G,V,Y,R,V,G,A,S,R,E,G,I
DQB1*05:308,DQ5,FULL,G,V,Y,R,V,G,A,S,R,E,G,I
DQB1*05:309,DQ5,FULL,G,V,Y,R,S,G,A,S,R,E,G,I
DQB1*05:310,DQ5,FULL,G,V,Y,R,V,G,A,S,R,E,G,I
DQB1*05:311,DQ5,FULL,G,V,Y,R,S,G,A,S,R,E,G,I
DQB1*05:312,DQ5,FULL,G,V,Y,R,D,G,A,S,R,E,G,I
DQB1*05:314,DQ5,FULL,G,V,Y,R,D,G,A,S,R,E,G,I
DQB1*05:315,DQ5,FULL,G,V,Y,R,V,G,A,S,R,E,G,I
DQB1*05:317,DQ5,FULL,G,V,Y,R,V,G,A,S,R,E,G,I
DQB1*05:318,DQ5,FULL,G,V,Y,R,D,G,A,S,R,E,G,I
DQB1*05:319,DQ5,FULL,G,V,Y,R,V,G,A,S,R,E,G,I
DQB1*05:320,DQ5,FULL,G,V,Y,R,S,G,A,S,R,E,G,I
DQB1*05:321,DQ5,FULL,G,V,Y,R,S,G,A,S,R,E,G,I
DQB1*05:322,DQ5,FULL,G,V,Y,R,V,G,A,S,R,E,G,I
DQB1*05:323,DQ5,FULL,G,V,Y,R,V,G,A,S,R,E,G,I
DQB1*06:01,DQ6,SEROTYPE,G,V,Y,R,D,R,T,E,T,E,G,I
DQB1*06:02,DQ6,FULL,G,V,Y,R,D,G,T,E,T,E,G,I
DQB1*06:03,DQ6,FULL,G,V,Y,R,D,G,T,E,T,E,G,I
DQB1*06:04,DQ6,SEROTYPE,G,V,Y,R,V,R,T,E,T,E,G,I
DQB1*06:05,DQ6,SEROTYPE,G,V,Y,R,V,R,T,E,T,E,G,I
DQB1*06:06,UNA,UNASSIGNED,G,V,Y,R,V,R,T,A,R,X,X,X
DQB1*06:07,DQ6,SEROTYPE,G,V,Y,R,D,R,T,E,T,E,G,I
DQB1*06:08,DQ6,FULL,G,V,Y,R,V,G,T,E,T,E,G,I
DQB1*06:09,DQ6,SEROTYPE,G,V,Y,R,V,R,T,E,T,E,G,I
DQB1*06:10,DQ6,FULL,G,V,Y,R,S,G,T,E,T,E,G,I
DQB1*06:11,DQ6,FULL,G,V,Y,R,D,G,T,E,T,E,G,I
DQB1*06:12,DQ6,FULL,G,V,Y,R,V,G,T,E,T,E,G,I
DQB1*06:13,DQ6,FULL,G,V,Y,R,V,G,T,E,T,E,G,I
DQB1*06:14,DQ6,FULL,G,V,Y,R,D,G,T,E,T,E,G,I
DQB1*06:15,DQ6,SEROTYPE,G,V,Y,R,D,R,T,E,T,E,G,I
DQB1*06:16,DQ6,FULL,G,V,Y,R,D,G,T,E,T,E,G,I
DQB1*06:17,DQ6,SEROTYPE,G,V,Y,R,V,G,A,E,T,E,G,I
DQB1*06:18,DQ6,SEROTYPE,G,V,Y,R,V,R,T,E,T,E,G,I
DQB1*06:19,DQ6,FULL,G,V,Y,R,D,G,T,E,T,E,G,I
DQB1*06:20,DQ6,FULL,G,V,Y,R,D,G,T,E,T,E,G,I
DQB1*06:21,DQ6,FULL,G,V,Y,R,V,G,T,E,T,E,G,I
DQB1*06:22,DQ6,SEROTYPE,G,V,Y,R,V,R,T,E,T,E,G,I
DQB1*06:23,DQ6,FULL,G,V,Y,R,D,G,T,E,T,E,G,I
DQB1*06:24,DQ6,SEROTYPE,G,V,Y,R,D,G,A,E,T,E,G,I
DQB1*06:25,DQ6,SEROTYPE,G,V,Y,R,S,R,T,E,T,E,G,I
DQB1*06:27,DQ6,SEROTYPE,G,V,Y,R,V,R,T,E,T,E,G,I
DQB1*06:28,DQ6,FULL,G,V,Y,R,D,G,T,E,T,E,G,I
DQB1*06:29,DQ6,SEROTYPE,G,V,Y,P,A,G,T,E,T,E,G,I
DQB1*06:30,DQ6,SEROTYPE,G,V,Y,R,D,G,A,E,T,E,G,I
DQB1*06:31,DQ6,FULL,G,V,Y,R,D,G,T,E,T,E,G,I
DQB1*06:32,DQ6,SEROTYPE,G,V,Y,R,D,R,T,E,T,E,G,I
DQB1*06:33,DQ6,FULL,G,V,Y,R,D,G,T,E,T,E,G,I
DQB1*06:34,DQ6,SEROTYPE,G,V,Y,R,V,R,T,E,T,E,G,I
DQB1*06:35,DQ6,SEROTYPE,E,V,Y,R,D,R,T,E,T,E,G,I
DQB1*06:36,DQ6,SEROTYPE,G,V,Y,R,V,R,T,E,T,E,G,I
DQB1*06:37,DQ6,SEROTYPE,G,V,Y,R,D,R,T,E,T,E,G,I
DQB1*06:38,DQ6,SEROTYPE,G,V,Y,R,V,R,T,E,T,E,G,I
DQB1*06:39,DQ6,SEROTYPE,G,V,Y,R,V,R,T,E,T,E,G,I
DQB1*06:40,DQ6,FULL,G,V,Y,R,D,G,T,E,T,E,G,I
DQB1*06:41,DQ6,FULL,G,V,Y,R,D,G,T,E,T,E,G,I
DQB1*06:42,DQ6,SEROTYPE,G,V,Y,R,V,G,A,E,T,E,G,I
DQB1*06:43,DQ6,SEROTYPE,G,V,Y,R,D,R,T,E,T,E,G,I
DQB1*06:44,DQ6,FULL,G,V,Y,R,D,G,T,E,T,E,G,I
DQB1*06:45,DQ6,SEROTYPE,G,V,Y,R,D,R,T,E,T,E,G,I
DQB1*06:46,DQ6,FULL,G,V,Y,R,D,G,T,E,T,E,G,I
DQB1*06:47,DQ6,FULL,G,V,Y,R,D,G,T,E,T,E,G,I
DQB1*06:48,DQ6,SEROTYPE,G,V,Y,R,D,R,T,E,T,E,G,I
DQB1*06:49,DQ6,FULL,G,V,Y,R,D,G,T,E,T,E,G,I
DQB1*06:50,DQ6,FULL,G,V,Y,R,D,G,T,E,T,E,G,I
DQB1*06:51,DQ6,SEROTYPE,G,V,Y,R,D,R,T,E,T,E,G,I
DQB1*06:52,DQ6,SEROTYPE,G,V,Y,R,V,R,T,E,T,E,G,I
DQB1*06:53,DQ6,SEROTYPE,E,V,Y,R,D,R,T,E,T,E,G,I
DQB1*06:55,DQ6,SEROTYPE,G,V,Y,R,V,R,T,E,T,E,G,I
DQB1*06:56,DQ6,SEROTYPE,G,V,Y,R,D,R,T,E,T,E,G,I
DQB1*06:57,DQ6,SEROTYPE,G,V,Y,R,D,R,T,E,T,E,G,I
DQB1*06:58,DQ6,SEROTYPE,G,V,Y,R,V,R,T,E,T,E,G,I
DQB1*06:59,DQ6,FULL,G,V,Y,R,D,G,T,E,T,E,G,I
DQB1*06:60,DQ6,FULL,G,V,Y,R,D,G,T,E,T,E,G,I
DQB1*06:61,DQ6,INCOMPLETE,G,V,Y,R,D,G,T,E,M,E,G,I
DQB1*06:62,DQ6,SEROTYPE,G,V,Y,R,D,G,I,E,T,E,G,I
DQB1*06:63,DQ6,SEROTYPE,G,V,Y,P,A,G,T,E,T,E,G,I
DQB1*06:64,DQ6,FULL,G,V,Y,R,D,G,T,E,T,E,G,I
DQB1*06:65,DQ6,FULL,G,V,Y,R,D,G,T,E,T,E,G,I
DQB1*06:66,DQ6,SEROTYPE,G,V,Y,P,D,R,T,E,T,E,G,I
DQB1*06:67,DQ6,FULL,G,V,Y,R,D,G,T,E,T,E,G,I
DQB1*06:68,DQ6,FULL,G,V,Y,R,D,G,T,E,T,E,G,I
DQB1*06:69,DQ6,SEROTYPE,G,V,Y,R,V,R,T,E,T,E,G,I
DQB1*06:70,DQ6,FULL,G,V,Y,R,D,G,T,E,T,E,G,I
DQB1*06:71,DQ6,FULL,G,V,Y,R,D,G,T,E,T,E,G,I
DQB1*06:72,DQ6,FULL,G,V,Y,R,D,G,T,E,T,E,G,I
DQB1*06:73,DQ6,FULL,G,V,Y,R,D,G,T,E,T,E,G,I
DQB1*06:74,DQ6,FULL,G,V,Y,R,D,G,T,E,T,E,G,I
DQB1*06:76,DQ6,FULL,G,V,Y,R,D,G,T,E,T,E,G,I
DQB1*06:78,DQ6,FULL,G,V,Y,R,D,G,T,E,T,E,G,I
DQB1*06:79,DQ6,FULL,G,V,Y,R,D,G,T,E,T,E,G,I
DQB1*06:80,DQ6,FULL,G,V,Y,R,D,G,T,E,T,E,G,I
DQB1*06:81,DQ6,FULL,G,V,Y,R,D,G,T,E,T,E,G,I
DQB1*06:82,DQ6,FULL,G,V,Y,R,D,G,T,E,T,E,G,I
DQB1*06:83,DQ6,FULL,G,V,Y,R,D,G,T,E,T,E,G,I
DQB1*06:84,DQ6,FULL,G,V,Y,R,D,G,T,E,T,E,G,I
DQB1*06:85,DQ6,SEROTYPE,G,V,Y,R,V,R,T,E,T,E,G,I
DQB1*06:86,DQ6,SEROTYPE,G,V,Y,R,V,R,T,E,T,E,G,I
DQB1*06:87,DQ6,SEROTYPE,G,V,Y,P,D,G,T,E,T,E,G,I
DQB1*06:88,DQ6,SEROTYPE,G,V,Y,R,V,R,T,E,T,E,G,I
DQB1*06:89,DQ6,SEROTYPE,G,V,Y,R,V,R,T,E,T,E,G,I
DQB1*06:90,DQ6,FULL,G,V,Y,R,D,G,T,E,T,E,G,I
DQB1*06:91,DQ6,SEROTYPE,A,V,Y,R,D,G,T,E,T,E,G,I
DQB1*06:92,DQ6,FULL,G,V,Y,R,D,G,T,E,T,E,G,I
DQB1*06:93,DQ6,SEROTYPE,G,V,Y,L,V,R,T,E,T,E,G,I
DQB1*06:94,DQ6,SEROTYPE,G,V,Y,R,V,R,T,E,T,E,G,I
DQB1*06:95,DQ6,FULL,G,V,Y,R,D,G,T,E,T,E,G,I
DQB1*06:96,DQ6,SEROTYPE,G,V,Y,P,D,G,T,E,T,E,G,I
DQB1*06:97,DQ6,SEROTYPE,G,L,Y,R,D,G,T,E,T,E,G,I
DQB1*06:98,DQ6,SEROTYPE,G,V,Y,R,D,R,T,E,T,E,G,I
DQB1*06:99,DQ6,SEROTYPE,G,V,Y,R,D,R,T,E,T,E,G,I
DQB1*06:100,DQ6,SEROTYPE,G,V,Y,R,D,R,T,E,T,E,G,I
DQB1*06:101,DQ6,SEROTYPE,G,V,Y,R,D,R,T,E,T,E,G,I
DQB1*06:103,DQ6,SEROTYPE,G,V,Y,R,D,R,T,E,T,E,G,I
DQB1*06:104,DQ6,SEROTYPE,G,V,Y,R,D,R,T,E,T,E,G,I
DQB1*06:105,DQ6,SEROTYPE,G,V,Y,R,D,R,T,E,T,E,G,I
DQB1*06:106,DQ6,FULL,G,V,Y,R,D,G,T,E,T,E,G,I
DQB1*06:107,DQ6,INCOMPLETE,G,V,Y,R,D,G,T,G,T,E,G,I
DQB1*06:108,DQ6,SEROTYPE,G,V,Y,R,D,R,T,E,T,E,G,I
DQB1*06:109,DQ6,FULL,G,V,Y,R,D,G,T,E,T,E,G,I
DQB1*06:110,DQ6,FULL,G,V,Y,R,D,G,T,E,T,E,G,I
DQB1*06:111,DQ6,FULL,G,V,Y,R,D,G,T,E,T,E,G,I
DQB1*06:113,DQ6,FULL,G,V,Y,R,D,G,T,E,T,E,G,I
DQB1*06:114,DQ6,FULL,G,V,Y,R,D,G,T,E,T,E,G,I
DQB1*06:115,DQ6,FULL,G,V,Y,R,D,G,T,E,T,E,G,I
DQB1*06:116,DQ6,FULL,G,V,Y,R,D,G,T,E,T,E,G,I
DQB1*06:117,DQ6,FULL,G,V,Y,R,D,G,T,E,T,E,G,I
DQB1*06:118,DQ6,SEROTYPE,G,V,Y,R,D,R,T,E,T,E,G,I
DQB1*06:119,DQ6,FULL,G,V,Y,R,V,G,T,E,T,E,G,I
DQB1*06:120,DQ6,SEROTYPE,G,V,Y,R,D,R,T,E,T,E,G,I
DQB1*06:121,DQ6,SEROTYPE,G,V,Y,R,V,R,T,E,T,E,G,I
DQB1*06:122,DQ6,FULL,G,V,Y,R,D,G,T,E,T,E,G,I
DQB1*06:123,DQ6,SEROTYPE,G,E,F,L,A,G,T,E,T,E,G,I
DQB1*06:124,DQ6,INCOMPLETE,G,V,Y,R,D,G,T,E,R,E,G,I
DQB1*06:125,DQ6,FULL,G,V,Y,R,D,G,T,E,T,E,G,I
DQB1*06:126,DQ6,FULL,G,V,Y,R,D,G,T,E,T,E,G,I
DQB1*06:127,DQ6,FULL,G,V,Y,R,D,G,T,E,T,E,G,I
DQB1*06:128,DQ6,FULL,G,V,Y,R,D,G,T,E,T,E,G,I
DQB1*06:129,DQ6,SEROTYPE,G,V,Y,R,V,R,T,E,T,E,G,I
DQB1*06:130,DQ6,FULL,G,V,Y,R,S,G,T,E,T,E,G,I
DQB1*06:131,DQ6,FULL,G,V,Y,R,D,G,T,E,T,E,G,I
DQB1*06:132,DQ6,SEROTYPE,G,V,Y,R,D,R,T,E,T,E,G,I
DQB1*06:133,DQ6,SEROTYPE,G,V,Y,R,N,G,T,E,T,E,G,I
DQB1*06:134,DQ6,FULL,G,V,Y,R,D,G,T,E,T,E,G,I
DQB1*06:135,DQ6,SEROTYPE,G,V,Y,R,V,R,T,E,T,E,G,I
DQB1*06:136,DQ6,FULL,G,V,Y,R,D,G,T,E,T,E,G,I
DQB1*06:137,DQ6,FULL,G,V,Y,R,D,G,T,E,T,E,G,I
DQB1*06:138,DQ6,FULL,G,V,Y,R,D,G,T,E,T,E,G,I
DQB1*06:139,DQ6,SEROTYPE,G,V,Y,P,A,R,T,E,T,E,G,I
DQB1*06:140,DQ6,SEROTYPE,G,V,Y,R,D,R,T,E,T,E,G,I
DQB1*06:141,DQ6,FULL,G,V,Y,R,D,G,T,E,T,E,G,I
DQB1*06:142,DQ6,SEROTYPE,G,V,Y,R,V,R,T,E,T,E,G,I
DQB1*06:143,DQ6,FULL,G,V,Y,R,D,G,T,E,T,E,G,I
DQB1*06:145,DQ6,SEROTYPE,E,V,Y,R,D,G,T,E,T,E,G,I
DQB1*06:146,DQ6,FULL,G,V,Y,R,D,G,T,E,T,E,G,I
DQB1*06:147,DQ6,FULL,G,V,Y,R,D,G,T,E,T,E,G,I
DQB1*06:148,DQ6,FULL,G,V,Y,R,D,G,T,E,T,E,G,I
DQB1*06:149,DQ5,FULL,G,V,Y,R,V,G,A,S,R,E,G,I
DQB1*06:150,DQ6,FULL,G,V,Y,R,D,G,T,E,T,E,G,I
DQB1*06:151,DQ6,FULL,G,V,Y,R,D,G,T,E,T,E,G,I
DQB1*06:152,DQ6,SEROTYPE,G,E,F,R,D,G,T,E,T,E,G,I
DQB1*06:153,DQ6,SEROTYPE,G,V,Y,R,D,R,T,E,T,E,G,I
DQB1*06:154,DQ6,FULL,G,V,Y,R,D,G,T,E,T,E,G,I
DQB1*06:155,DQ6,SEROTYPE,G,G,Y,R,V,R,T,E,T,E,G,I
DQB1*06:156,DQ6,FULL,G,V,Y,R,D,G,T,E,T,E,G,I
DQB1*06:157,DQ6,INCOMPLETE,G,V,Y,R,D,R,T,E,T,Q,G,I
DQB1*06:159,DQ6,FULL,G,V,Y,R,D,G,T,E,T,E,G,I
DQB1*06:160,DQ6,SEROTYPE,G,V,Y,R,V,R,T,E,T,E,G,I
DQB1*06:161,DQ6,FULL,G,V,Y,R,D,G,T,E,T,E,G,I
DQB1*06:162,DQ6,FULL,G,V,Y,R,D,G,T,E,T,E,G,I
DQB1*06:163,DQ6,FULL,G,V,Y,R,D,G,T,E,T,E,G,I
DQB1*06:164,DQ6,SEROTYPE,G,V,Y,R,V,R,T,E,T,E,G,I
DQB1*06:165,DQ6,FULL,G,V,Y,R,D,G,T,E,T,E,G,I
DQB1*06:166,DQ6,FULL,G,V,Y,R,D,G,T,E,T,E,G,I
DQB1*06:167,DQ6,SEROTYPE,G,V,Y,R,D,R,T,E,T,E,G,I
DQB1*06:168,DQ6,SEROTYPE,G,V,Y,R,D,R,T,E,T,E,G,I
DQB1*06:169,DQ6,FULL,G,V,Y,R,D,G,T,E,T,E,G,I
DQB1*06:170,DQ6,FULL,G,V,Y,R,D,G,T,E,T,E,G,I
DQB1*06:171,DQ6,SEROTYPE,G,V,Y,R,V,R,T,E,T,E,G,I
DQB1*06:172,DQ6,SEROTYPE,G,V,Y,P,D,R,T,E,T,E,G,I
DQB1*06:173,DQ6,INCOMPLETE,G,V,Y,R,D,G,T,E,T,E,R,I
DQB1*06:174,DQ6,FULL,G,V,Y,R,D,G,T,E,T,E,G,I
DQB1*06:175,DQ6,FULL,G,V,Y,R,D,G,T,E,T,E,G,I
DQB1*06:176,DQ6,FULL,G,V,Y,R,D,G,T,E,T,E,G,I
DQB1*06:177,DQ6,SEROTYPE,G,V,Y,R,D,R,T,E,T,E,G,I
DQB1*06:178,DQ6,FULL,G,V,Y,R,D,G,T,E,T,E,G,I
DQB1*06:180,DQ6,SEROTYPE,G,V,Y,R,V,R,T,E,T,E,G,I
DQB1*06:181,DQ6,SEROTYPE,G,V,Y,R,D,R,T,E,T,E,G,I
DQB1*06:182,DQ6,FULL,G,V,Y,R,D,G,T,E,T,E,G,I
DQB1*06:183,DQ6,FULL,G,V,Y,R,D,G,T,E,T,E,G,I
DQB1*06:184,DQ6,FULL,G,V,Y,R,D,G,T,E,T,E,G,I
DQB1*06:185,DQ6,FULL,G,V,Y,R,D,G,T,E,T,E,G,I
DQB1*06:186,DQ6,SEROTYPE,G,V,Y,R,V,R,T,E,T,E,G,I
DQB1*06:187,DQ6,FULL,G,V,Y,R,D,G,T,E,T,E,G,I
DQB1*06:188,DQ6,FULL,G,V,Y,R,D,G,T,E,T,E,G,I
DQB1*06:189,DQ6,SEROTYPE,G,V,Y,R,V,R,T,E,T,E,G,I
DQB1*06:190,DQ6,FULL,G,V,Y,R,D,G,T,E,T,E,G,I
DQB1*06:191,DQ6,FULL,G,V,Y,R,D,G,T,E,T,E,G,I
DQB1*06:192,DQ6,FULL,G,V,Y,R,D,G,T,E,T,E,G,I
DQB1*06:194,DQ6,SEROTYPE,G,V,Y,R,D,R,T,E,T,E,G,I
DQB1*06:195,DQ6,FULL,G,V,Y,R,D,G,T,E,T,E,G,I
DQB1*06:196,DQ6,FULL,G,V,Y,R,D,G,T,E,T,E,G,I
DQB1*06:197,DQ6,FULL,G,V,Y,R,D,G,T,E,T,E,G,I
DQB1*06:198,DQ6,FULL,G,V,Y,R,D,G,T,E,T,E,G,I
DQB1*06:199,DQ6,FULL,G,V,Y,R,D,G,T,E,T,E,G,I
DQB1*06:200,DQ6,FULL,G,V,Y,R,D,G,T,E,T,E,G,I
DQB1*06:201,DQ5,FULL,G,V,Y,R,D,G,A,S,R,E,G,I
DQB1*06:202,DQ6,SEROTYPE,G,V,Y,R,V,R,T,E,T,E,G,I
DQB1*06:203,DQ6,INCOMPLETE,G,V,Y,R,D,G,T,E,T,E,G,T
DQB1*06:204,DQ6,SEROTYPE,G,V,Y,W,V,R,T,E,T,E,G,I
DQB1*06:205,DQ6,SEROTYPE,G,V,Y,R,D,R,T,E,T,E,G,I
DQB1*06:206,DQ6,FULL,G,V,Y,R,V,G,T,E,T,E,G,I
DQB1*06:207,DQ6,SEROTYPE,G,V,Y,R,V,R,T,E,T,E,G,I
DQB1*06:208,DQ6,SEROTYPE,E,V,Y,R,D,G,T,E,T,E,G,I
DQB1*06:209,DQ6,SEROTYPE,G,V,Y,P,D,R,T,E,T,E,G,I
DQB1*06:210,DQ6,FULL,G,V,Y,R,D,G,T,E,T,E,G,I
DQB1*06:211,DQ6,FULL,G,V,Y,R,D,G,T,E,T,E,G,I
DQB1*06:212,DQ6,SEROTYPE,G,V,Y,R,V,R,T,E,T,E,G,I
DQB1*06:213,DQ6,FULL,G,V,Y,R,D,G,T,E,T,E,G,I
DQB1*06:214,DQ6,SEROTYPE,G,V,Y,R,S,R,T,E,T,E,G,I
DQB1*06:215,DQ6,FULL,G,V,Y,R,D,G,T,E,T,E,G,I
DQB1*06:217,DQ6,SEROTYPE,G,V,Y,R,V,R,T,E,T,E,G,I
DQB1*06:218,DQ6,FULL,G,V,Y,R,D,G,T,E,T,E,G,I
DQB1*06:219,DQ6,FULL,G,V,Y,R,D,G,T,E,T,E,G,I
DQB1*06:221,DQ6,FULL,G,V,Y,R,D,G,T,E,T,E,G,I
DQB1*06:222,DQ6,FULL,G,V,Y,R,D,G,T,E,T,E,G,I
DQB1*06:223,DQ6,FULL,G,V,Y,R,D,G,T,E,T,E,G,I
DQB1*06:224,DQ6,FULL,G,V,Y,R,D,G,T,E,T,E,G,I
DQB1*06:225,DQ6,FULL,G,V,Y,R,D,G,T,E,T,E,G,I
DQB1*06:226,DQ6,FULL,G,V,Y,R,D,G,T,E,T,E,G,I
DQB1*06:227,DQ6,FULL,G,V,Y,R,D,G,T,E,T,E,G,I
DQB1*06:228,DQ6,FULL,G,V,Y,R,D,G,T,E,T,E,G,I
DQB1*06:229,DQ6,SEROTYPE,G,V,Y,R,D,R,T,E,T,E,G,I
DQB1*06:230,DQ6,FULL,G,V,Y,R,D,G,T,E,T,E,G,I
DQB1*06:231,DQ6,SEROTYPE,G,V,Y,R,V,K,T,E,T,E,G,I
DQB1*06:232,DQ6,INCOMPLETE,G,V,Y,R,D,G,T,E,T,E,V,I
DQB1*06:233,DQ6,FULL,G,V,Y,R,D,G,T,E,T,E,G,I
DQB1*06:234,DQ6,FULL,G,V,Y,R,D,G,T,E,T,E,G,I
DQB1*06:235,DQ6,FULL,G,V,Y,R,D,G,T,E,T,E,G,I
DQB1*06:236,DQ6,INCOMPLETE,G,V,Y,R,D,G,T,E,T,E,G,M
DQB1*06:237,DQ6,FULL,G,V,Y,R,D,G,T,E,T,E,G,I
DQB1*06:238,DQ6,FULL,G,V,Y,R,D,G,T,E,T,E,G,I
DQB1*06:239,DQ6,SEROTYPE,G,V,Y,R,D,R,T,E,T,E,G,I
DQB1*06:240,DQ6,FULL,G,V,Y,R,D,G,T,E,T,E,G,I
DQB1*06:241,DQ6,SEROTYPE,G,V,Y,R,V,R,T,E,T,E,G,I
DQB1*06:242,DQ6,FULL,G,V,Y,R,D,G,T,E,T,E,G,I
DQB1*06:243,DQ6,SEROTYPE,G,V,Y,R,D,R,T,E,T,E,G,I
DQB1*06:244,DQ6,FULL,G,V,Y,R,D,G,T,E,T,E,G,I
DQB1*06:245,DQ6,SEROTYPE,G,V,Y,R,D,R,T,E,T,E,G,I
DQB1*06:246,DQ6,SEROTYPE,G,V,Y,R,A,R,T,E,T,E,G,I
DQB1*06:247,DQ6,SEROTYPE,G,V,Y,R,V,R,T,E,T,E,G,I
DQB1*06:248,DQ6,FULL,G,V,Y,R,D,G,T,E,T,E,G,I
DQB1*06:249,DQ6,FULL,G,V,Y,R,D,G,T,E,T,E,G,I
DQB1*06:250,DQ6,FULL,G,V,Y,R,D,G,T,E,T,E,G,I
DQB1*06:251,DQ6,SEROTYPE,G,V,Y,R,D,R,T,E,T,E,G,I
DQB1*06:253,DQ6,FULL,G,V,Y,R,D,G,T,E,T,E,G,I
DQB1*06:254,DQ6,SEROTYPE,G,V,Y,R,V,R,T,E,T,E,G,I
DQB1*06:255,DQ6,FULL,G,V,Y,R,D,G,T,E,T,E,G,I
DQB1*06:256,DQ6,FULL,G,V,Y,R,D,G,T,E,T,E,G,I
DQB1*06:257,DQ6,SEROTYPE,G,V,Y,R,D,R,T,E,T,E,G,I
DQB1*06:258,DQ6,SEROTYPE,G,V,Y,R,D,R,T,E,T,E,G,I
DQB1*06:259,DQ6,FULL,G,V,Y,R,D,G,T,E,T,E,G,I
DQB1*06:260,DQ6,SEROTYPE,G,V,Y,R,D,R,T,E,T,E,G,I
DQB1*06:261,DQ6,SEROTYPE,G,V,Y,R,V,R,T,E,T,E,G,I
DQB1*06:262,DQ6,FULL,G,V,Y,R,D,G,T,E,T,E,G,I
DQB1*06:263,DQ6,SEROTYPE,G,V,Y,R,D,R,T,E,T,E,G,I
DQB1*06:264,DQ6,FULL,G,V,Y,R,D,G,T,E,T,E,G,I
DQB1*06:265,DQ6,SEROTYPE,G,V,Y,R,V,R,T,E,T,E,G,I
DQB1*06:266,DQ6,SEROTYPE,G,V,Y,R,V,R,T,E,T,E,G,I
DQB1*06:267,DQ6,SEROTYPE,G,V,Y,R,V,R,T,E,T,E,G,I
DQB1*06:268,DQ6,SEROTYPE,G,V,Y,R,D,R,T,E,T,E,G,I
DQB1*06:269,DQ6,FULL,G,V,Y,R,D,G,T,E,T,E,G,I
DQB1*06:270,DQ6,FULL,G,V,Y,R,D,G,T,E,T,E,G,I
DQB1*06:271,DQ6,FULL,G,V,Y,R,D,G,T,E,T,E,G,I
DQB1*06:272,DQ6,FULL,G,V,Y,R,D,G,T,E,T,E,G,I
DQB1*06:273,DQ6,FULL,G,V,Y,R,D,G,T,E,T,E,G,I
DQB1*06:274,DQ6,SEROTYPE,G,V,Y,R,D,R,T,E,T,E,G,I
DQB1*06:275,DQ6,FULL,G,V,Y,R,D,G,T,E,T,E,G,I
DQB1*06:276,DQ6,INCOMPLETE,G,V,Y,R,D,G,A,S,T,E,G,I
DQB1*06:277,DQ6,SEROTYPE,G,V,Y,R,T,R,T,E,T,E,G,I
DQB1*06:278,DQ6,FULL,G,V,Y,R,D,G,T,E,T,E,G,I
DQB1*06:279,DQ6,FULL,G,V,Y,R,D,G,T,E,T,E,G,I
DQB1*06:280,DQ6,SEROTYPE,G,V,Y,R,V,R,T,E,T,E,G,I
DQB1*06:281,DQ6,SEROTYPE,G,V,Y,R,V,R,T,E,T,E,G,I
DQB1*06:282,DQ6,SEROTYPE,G,V,Y,R,V,R,T,E,T,E,G,I
DQB1*06:283,DQ6,SEROTYPE,G,V,Y,R,V,R,T,E,T,E,G,I
DQB1*06:284,DQ6,FULL,G,V,Y,R,D,G,T,E,T,E,G,I
DQB1*06:285,DQ6,SEROTYPE,G,V,Y,R,D,R,T,E,T,E,G,I
DQB1*06:286,DQ6,FULL,G,V,Y,R,D,G,T,E,T,E,G,I
DQB1*06:287,DQ6,SEROTYPE,G,V,Y,R,V,R,T,E,T,E,G,I
DQB1*06:288,DQ6,SEROTYPE,G,V,Y,R,V,R,T,E,T,E,G,I
DQB1*06:289,DQ6,FULL,G,V,Y,R,D,G,T,E,T,E,G,I
DQB1*06:290,DQ6,FULL,G,V,Y,R,D,G,T,E,T,E,G,I
DQB1*06:291,DQ6,SEROTYPE,G,V,Y,R,V,R,T,E,T,E,G,I
DQB1*06:292,DQ6,SEROTYPE,G,V,Y,R,V,R,T,E,T,E,G,I
DQB1*06:293,DQ6,FULL,G,V,Y,R,D,G,T,E,T,E,G,I
DQB1*06:294,DQ6,SEROTYPE,G,V,Y,Q,D,G,T,E,T,E,G,I
DQB1*06:295,DQ6,FULL,G,V,Y,R,D,G,T,E,T,E,G,I
DQB1*06:296,DQ6,FULL,G,V,Y,R,D,G,T,E,T,E,G,I
DQB1*06:297,DQ6,FULL,G,V,Y,R,D,G,T,E,T,E,G,I
DQB1*06:298,DQ6,FULL,G,V,Y,R,D,G,T,E,T,E,G,I
DQB1*06:299,DQ6,SEROTYPE,G,V,Y,R,V,R,T,E,T,E,G,I
DQB1*06:300,DQ6,FULL,G,V,Y,R,D,G,T,E,T,E,G,I
DQB1*06:301,DQ6,SEROTYPE,G,V,Y,R,V,R,T,E,T,E,G,I
DQB1*06:302,DQ6,FULL,G,V,Y,R,D,G,T,E,T,E,G,I
DQB1*06:305,DQ6,SEROTYPE,G,V,Y,R,D,R,T,E,T,E,G,I
DQB1*06:307,DQ6,SEROTYPE,G,V,Y,R,D,R,T,E,T,E,G,I
DQB1*06:309,DQ6,SEROTYPE,G,V,Y,R,D,R,T,E,T,E,G,I
DQB1*06:310,DQ6,SEROTYPE,G,V,Y,R,D,R,T,E,T,E,G,I
DQB1*06:311,DQ6,FULL,G,V,Y,R,D,G,T,E,T,E,G,I
DQB1*06:312,DQ6,SEROTYPE,R,V,Y,R,D,R,T,E,T,E,G,I
DQB1*06:313,DQ6,SEROTYPE,G,V,Y,R,V,R,T,E,T,E,G,I
DQB1*06:314,DQ6,FULL,G,V,Y,R,D,G,T,E,T,E,G,I
DQB1*06:315,DQ6,FULL,G,V,Y,R,D,G,T,E,T,E,G,I
DQB1*06:316,DQ6,FULL,G,V,Y,R,D,G,T,E,T,E,G,I
DQB1*06:318,DQ6,SEROTYPE,G,V,Y,R,V,R,T,E,T,E,G,I
DQB1*06:319,DQ6,FULL,G,V,Y,R,V,G,T,E,T,E,G,I
DQB1*06:320,DQ6,SEROTYPE,G,V,Y,P,A,R,T,E,T,E,G,I
DQB1*06:321,DQ6,SEROTYPE,G,V,Y,R,D,R,T,E,T,E,G,I
DQB1*06:322,DQ6,SEROTYPE,G,V,Y,P,D,G,T,E,T,E,G,I
DQB1*06:323,DQ6,SEROTYPE,G,V,Y,R,D,R,T,E,T,E,G,I
DQB1*06:324,DQ6,FULL,G,V,Y,R,D,G,T,E,T,E,G,I
DQB1*06:325,DQ6,SEROTYPE,G,V,Y,R,V,R,T,E,T,E,G,I
DQB1*06:326,DQ6,FULL,G,V,Y,R,D,G,T,E,T,E,G,I
DQB1*06:327,DQ6,FULL,G,V,Y,R,D,G,T,E,T,E,G,I
DQB1*06:328,DQ6,FULL,G,V,Y,R,D,G,T,E,T,E,G,I
DQB1*06:329,DQ6,FULL,G,V,Y,R,D,G,T,E,T,E,G,I
DQB1*06:331,DQ6,SEROTYPE,G,E,Y,R,D,G,T,E,T,E,G,I
DQB1*06:332,DQ6,SEROTYPE,G,V,Y,R,V,R,T,E,T,E,G,I
DQB1*06:333,DQ6,FULL,G,V,Y,R,D,G,T,E,T,E,G,I
DQB1*06:334,DQ6,FULL,G,V,Y,R,D,G,T,E,T,E,G,I
DQB1*06:335,DQ6,FULL,G,V,Y,R,D,G,T,E,T,E,G,I
DQB1*06:336,DQ6,FULL,G,V,Y,R,D,G,T,E,T,E,G,I
DQB1*06:337,DQ6,SEROTYPE,G,V,Y,P,A,G,T,E,T,E,G,I
DQB1*06:338,DQ6,FULL,G,V,Y,R,D,G,T,E,T,E,G,I
DQB1*06:339,DQ6,SEROTYPE,G,V,Y,R,V,R,T,E,T,E,G,I
DQB1*06:340,DQ6,FULL,G,V,Y,R,D,G,T,E,T,E,G,I
DQB1*06:342,DQ6,SEROTYPE,G,V,Y,R,D,R,T,E,T,E,G,I
DQB1*06:343,DQ6,SEROTYPE,G,V,Y,R,V,R,T,E,T,E,G,I
DQB1*06:344,DQ6,FULL,G,V,Y,R,D,G,T,E,T,E,G,I
DQB1*06:346,DQ6,FULL,G,V,Y,R,D,G,T,E,T,E,G,I
DQB1*06:347,DQ6,FULL,G,V,Y,R,D,G,T,E,T,E,G,I
DQB1*06:348,DQ6,SEROTYPE,G,V,Y,R,V,R,T,E,T,E,G,I
DQB1*06:349,DQ6,SEROTYPE,G,V,Y,R,V,R,T,E,T,E,G,I
DQB1*06:350,DQ6,FULL,G,V,Y,R,D,G,T,E,T,E,G,I
DQB1*06:351,DQ6,SEROTYPE,G,V,Y,R,V,R,T,E,T,E,G,I
DQB1*06:352,DQ6,FULL,G,V,Y,R,D,G,T,E,T,E,G,I
DQB1*06:353,DQ6,SEROTYPE,G,V,Y,R,V,R,T,E,T,E,G,I
DQB1*06:354,DQ6,SEROTYPE,G,V,Y,L,D,G,T,E,T,E,G,I
DQB1*06:355,DQ6,FULL,G,V,Y,R,D,G,T,E,T,E,G,I
DQB1*06:356,DQ6,FULL,G,V,Y,R,D,G,T,E,T,E,G,I
DQB1*06:357,DQ6,FULL,G,V,Y,R,D,G,T,E,T,E,G,I
DQB1*06:358,DQ6,SEROTYPE,G,V,Y,R,V,R,T,E,T,E,G,I
DQB1*06:359,DQ6,SEROTYPE,G,V,Y,R,D,R,T,E,T,E,G,I
DQB1*06:360,DQ6,INCOMPLETE,G,V,Y,R,D,G,T,E,T,E,R,I
DQB1*06:361,DQ6,SEROTYPE,G,V,Y,R,V,R,T,E,T,E,G,I
DQB1*06:362,DQ6,SEROTYPE,G,V,Y,W,D,G,T,E,T,E,G,I
DQB1*06:363,DQ6,FULL,G,V,Y,R,D,G,T,E,T,E,G,I
DQB1*06:364,DQ6,FULL,G,V,Y,R,D,G,T,E,T,E,G,I
DQB1*06:365,DQ6,FULL,G,V,Y,R,D,G,T,E,T,E,G,I
DQB1*06:366,DQ6,FULL,G,V,Y,R,D,G,T,E,T,E,G,I
DQB1*06:367,DQ6,FULL,G,V,Y,R,D,G,T,E,T,E,G,I
DQB1*06:368,DQ6,SEROTYPE,G,V,Y,R,V,R,T,E,T,E,G,I
DQB1*06:369,DQ6,SEROTYPE,G,V,Y,R,V,R,T,E,T,E,G,I
DQB1*06:370,DQ6,FULL,G,V,Y,R,D,G,T,E,T,E,G,I
DQB1*06:371,DQ6,SEROTYPE,G,L,Y,R,D,G,T,E,T,E,G,I
DQB1*06:372,DQ6,FULL,G,V,Y,R,D,G,T,E,T,E,G,I
DQB1*06:373,DQ6,FULL,G,V,Y,R,D,G,T,E,T,E,G,I
DQB1*06:374,DQ6,FULL,G,V,Y,R,D,G,T,E,T,E,G,I
DQB1*06:375,DQ6,SEROTYPE,G,V,Y,R,V,R,T,E,T,E,G,I
DQB1*06:376,DQ6,FULL,G,V,Y,R,D,G,T,E,T,E,G,I
DQB1*06:377,DQ6,SEROTYPE,G,V,Y,R,D,R,T,E,T,E,G,I
DQB1*06:378,DQ6,FULL,G,V,Y,R,D,G,T,E,T,E,G,I
DQB1*06:380,DQ6,FULL,G,V,Y,R,D,G,T,E,T,E,G,I
DQB1*06:381,DQ6,SEROTYPE,G,V,Y,R,V,R,T,E,T,E,G,I
DQB1*06:382,DQ6,SEROTYPE,G,V,Y,R,D,R,T,E,T,E,G,I
DQB1*06:384,DQ6,FULL,G,V,Y,R,D,G,T,E,T,E,G,I
DQB1*06:385,DQ6,FULL,G,V,Y,R,D,G,T,E,T,E,G,I
DQB1*06:386,DQ6,FULL,G,V,Y,R,D,G,T,E,T,E,G,I
DQB1*06:387,DQ6,SEROTYPE,G,V,Y,R,V,R,T,E,T,E,G,I
DQB1*06:388,DQ6,FULL,G,V,Y,R,D,G,T,E,T,E,G,I
DQB1*06:389,DQ6,FULL,G,V,Y,R,V,G,T,E,T,E,G,I
DQB1*06:390,DQ6,FULL,G,V,Y,R,D,G,T,E,T,E,G,I
DQB1*06:391,DQ6,FULL,G,V,Y,R,D,G,T,E,T,E,G,I
DQB1*06:392,DQ6,FULL,G,V,Y,R,D,G,T,E,T,E,G,I
DQB1*06:393,DQ6,FULL,G,V,Y,R,D,G,T,E,T,E,G,I
DQB1*06:395,DQ6,FULL,G,V,Y,R,D,G,T,E,T,E,G,I
DQB1*06:396,DQ6,FULL,G,V,Y,R,D,G,T,E,T,E,G,I
DQB1*06:398,DQ6,SEROTYPE,G,V,Y,R,V,R,T,E,T,E,G,I
DQB1*06:399,DQ6,FULL,G,V,Y,R,D,G,T,E,T,E,G,I
DQB1*06:400,DQ6,FULL,G,V,Y,R,D,G,T,E,T,E,G,I
DQB1*06:401,DQ6,FULL,G,V,Y,R,D,G,T,E,T,E,G,I
DQB1*06:402,DQ6,FULL,G,V,Y,R,D,G,T,E,T,E,G,I
DQB1*06:403,DQ6,FULL,G,V,Y,R,D,G,T,E,T,E,G,I
DQB1*06:404,DQ6,FULL,G,V,Y,R,D,G,T,E,T,E,G,I
DQB1*06:405,DQ6,FULL,G,V,Y,R,D,G,T,E,T,E,G,I
DQB1*06:406,DQ6,FULL,G,V,Y,R,D,G,T,E,T,E,G,I
DQB1*06:407,DQ6,SEROTYPE,G,V,Y,R,V,R,T,E,T,E,G,I
DQB1*06:408,DQ6,SEROTYPE,G,V,Y,R,E,G,T,E,T,E,G,I
DQB1*06:409,DQ6,FULL,G,V,Y,R,D,G,T,E,T,E,G,I
DQB1*06:410,DQ6,FULL,G,V,Y,R,D,G,T,E,T,E,G,I
DQB1*06:411,DQ6,FULL,G,V,Y,R,D,G,T,E,T,E,G,I
DQB1*06:412,DQ6,FULL,G,V,Y,R,D,G,T,E,T,E,G,I
DQB1*06:413,DQ6,FULL,G,V,Y,R,D,G,T,E,T,E,G,I
DQB1*06:415,DQ6,SEROTYPE,G,V,Y,R,D,R,T,E,T,E,G,I
DQB1*06:417,DQ6,SEROTYPE,G,V,Y,R,V,R,T,E,T,E,G,I
DQB1*06:418,DQ6,SEROTYPE,G,V,Y,R,D,R,T,E,T,E,G,I
DQB1*06:419,DQ6,SEROTYPE,G,V,Y,R,D,R,T,E,T,E,G,I
DQB1*06:420,DQ6,SEROTYPE,G,V,Y,R,V,R,T,E,T,E,G,I
DQB1*06:421,DQ6,SEROTYPE,G,V,Y,R,D,R,T,E,T,E,G,I
DQB1*06:424,DQ6,FULL,G,V,Y,R,D,G,T,E,T,E,G,I
DQB1*06:425,DQ6,FULL,G,V,Y,R,D,G,T,E,T,E,G,I
DQB1*06:426,DQ6,SEROTYPE,G,V,Y,R,V,R,T,E,T,E,G,I
DQB1*06:427,DQ6,SEROTYPE,G,V,Y,R,D,R,T,E,T,E,G,I
DQB1*06:428,DQ6,FULL,G,V,Y,R,D,G,T,E,T,E,G,I
DQB1*06:429,DQ6,SEROTYPE,G,V,Y,R,S,R,T,E,T,E,G,I
DQB1*06:430,DQ6,FULL,G,V,Y,R,D,G,T,E,T,E,G,I
DQB1*06:431,DQ6,FULL,G,V,Y,R,D,G,T,E,T,E,G,I
DQB1*06:432,DQ6,SEROTYPE,G,V,Y,R,V,R,T,E,T,E,G,I
DQB1*06:433,DQ6,FULL,G,V,Y,R,D,G,T,E,T,E,G,I
DQB1*06:434,DQ6,SEROTYPE,G,V,Y,R,V,R,T,E,T,E,G,I
DQB1*06:435,DQ6,SEROTYPE,G,V,Y,R,D,R,T,E,T,E,G,I
DQB1*06:436,DQ6,FULL,G,V,Y,R,D,G,T,E,T,E,G,I
DQB1*06:437,DQ6,FULL,G,V,Y,R,D,G,T,E,T,E,G,I
DQB1*06:438,DQ6,FULL,G,V,Y,R,D,G,T,E,T,E,G,I
DQB1*06:440,DQ6,FULL,G,V,Y,R,D,G,T,E,T,E,G,I
DQB1*06:441,DQ6,SEROTYPE,G,V,Y,R,V,R,T,E,T,E,G,I
DQB1*06:442,DQ6,FULL,G,V,Y,R,D,G,T,E,T,E,G,I
DQB1*06:443,DQ6,FULL,G,V,Y,R,D,G,T,E,T,E,G,I
DQB1*06:444,DQ6,SEROTYPE,G,V,Y,R,V,R,T,E,T,E,G,I
DQB1*06:445,DQ6,FULL,G,V,Y,R,D,G,T,E,T,E,G,I
DQB1*06:446,DQ6,FULL,G,V,Y,R,D,G,T,E,T,E,G,I
DQB1*06:448,DQ6,FULL,G,V,Y,R,D,G,T,E,T,E,G,I
DQB1*06:449,DQ6,SEROTYPE,G,V,Y,R,V,R,T,E,T,E,G,I
DQB1*06:450,DQ6,FULL,G,V,Y,R,D,G,T,E,T,E,G,I
DQB1*06:451,DQ6,FULL,G,V,Y,R,D,G,T,E,T,E,G,I
DQB1*06:453,DQ6,FULL,G,V,Y,R,D,G,T,E,T,E,G,I
DQB1*06:455,DQ6,FULL,G,V,Y,R,V,G,T,E,T,E,G,I
DQB1*06:457,DQ6,FULL,G,V,Y,R,D,G,T,E,T,E,G,I
DQB1*06:459,DQ6,FULL,G,V,Y,R,D,G,T,E,T,E,G,I
DQB1*06:460,DQ6,FULL,G,V,Y,R,D,G,T,E,T,E,G,I
DQB1*06:461,DQ6,FULL,G,V,Y,R,D,G,T,E,T,E,G,I
DQB1*06:462,DQ6,SEROTYPE,G,V,Y,R,D,R,T,E,T,E,G,I
DQB1*06:463,DQ6,SEROTYPE,G,V,Y,R,D,R,T,E,T,E,G,I
DQB1*06:464,DQ6,SEROTYPE,G,V,Y,R,D,R,T,E,T,E,G,I
DQB1*06:465,DQ6,SEROTYPE,G,V,Y,R,V,R,T,E,T,E,G,I
DQB1*06:466,DQ6,SEROTYPE,G,V,Y,R,D,R,T,E,T,E,G,I
DQB1*06:467,DQ6,SEROTYPE,G,V,Y,R,V,R,T,E,T,E,G,I
DQB1*06:468,DQ6,FULL,G,V,Y,R,D,G,T,E,T,E,G,I
DQB1*06:469,DQ6,SEROTYPE,G,V,Y,R,D,R,T,E,T,E,G,I
DQB1*06:470,DQ6,FULL,G,V,Y,R,D,G,T,E,T,E,G,I
DQB1*06:471,DQ6,SEROTYPE,G,V,Y,R,D,R,T,E,T,E,G,I
DQB1*06:472,DQ6,SEROTYPE,G,V,Y,R,D,R,T,E,T,E,G,I
DQB1*06:473,DQ6,SEROTYPE,G,V,Y,R,V,R,T,E,T,E,G,I
DQB1*06:474,DQ6,FULL,G,V,Y,R,D,G,T,E,T,E,G,I
DQB1*06:475,DQ6,SEROTYPE,E,V,Y,P,D,R,T,E,T,E,G,I
