Allele,Serotype,COMMENT,9,10,11,12,13,14,16,47,58,60,67,70,71,74
DRB3*01:01,DR-5201,FULL,E,L,R,K,S,E,H,Y,A,S,L,Q,K,R
DRB3*01:02,DR-5201,SEROTYPE,E,L,C,K,S,E,H,Y,A,S,L,Q,K,R
DRB3*01:03,DR-5201,FULL,E,L,R,K,S,E,H,Y,A,S,L,Q,K,R
DRB3*01:04,DR-5201,FULL,E,L,R,K,S,E,H,Y,A,S,L,Q,K,R
DRB3*01:05,DR-5201,FULL,E,L,R,K,S,E,H,Y,A,S,L,Q,K,R
DRB3*01:06,DR-5201,FULL,E,L,R,K,S,E,H,Y,A,S,L,Q,K,R
DRB3*01:07,DR-5201,SEROTYPE,E,L,R,K,S,E,H,Y,A,Y,L,Q,K,Q
DRB3*01:08,DR-5201,FULL,E,L,R,K,S,E,H,Y,A,S,L,Q,K,R
DRB3*01:09,DR-5201,FULL,E,L,R,K,S,E,H,Y,A,S,L,Q,K,R
DRB3*01:10,DR-5201,FULL,E,L,R,K,S,E,H,Y,A,S,L,Q,K,R
DRB3*01:11,DR-5201,FULL,E,L,R,K,S,E,H,Y,A,S,L,Q,K,R
DRB3*01:12,DR-5201,FULL,E,L,R,K,S,E,H,Y,A,S,L,Q,K,R
DRB3*01:13,DR-5201,FULL,E,L,R,K,S,E,H,Y,A,S,L,Q,K,R
DRB3*01:14,UNA,UNASSIGNED,E,Y,S,T,S,E,H,Y,A,S,L,Q,K,R
DRB3*01:15,DR-5201,SEROTYPE,E,L,R,K,S,E,H,Y,A,Y,L,Q,K,R
DRB3*01:16,DR-5201,FULL,E,L,R,K,S,E,H,Y,A,S,L,Q,K,R
DRB3*01:17,DR-5201,FULL,E,L,R,K,S,E,H,Y,A,S,L,Q,K,R
DRB3*01:18,DR-5201,FULL,E,L,R,K,S,E,H,Y,A,S,L,Q,K,R
DRB3*01:19,DR-5201,FULL,E,L,R,K,S,E,H,Y,A,S,L,Q,K,R
DRB3*01:20,DR-5201,FULL,E,L,R,K,S,E,H,Y,A,S,L,Q,K,R
DRB3*01:21,DR-5201,FULL,E,L,R,K,S,E,H,Y,A,S,L,Q,K,R
DRB3*01:22,DR-5201,FULL,E,L,R,K,S,E,H,Y,A,S,L,Q,K,R
DRB3*01:23,DR-5201,SEROTYPE,E,L,R,K,S,E,H,F,A,S,L,Q,K,R
DRB3*01:24,DR-5201,FULL,E,L,R,K,S,E,H,Y,A,S,L,Q,K,R
DRB3*01:25,DR-5201,SEROTYPE,E,L,H,K,S,E,H,Y,A,S,L,Q,K,R
DRB3*01:27,DR-5201,FULL,E,L,R,K,S,E,H,Y,A,S,L,Q,K,R
DRB3*01:28,DR-5201,FULL,E,L,R,K,S,E,H,Y,A,S,L,Q,K,R
DRB3*01:29,DR-5201,FULL,E,L,R,K,S,E,H,Y,A,S,L,Q,K,R
DRB3*01:30,DR-5201,SEROTYPE,E,L,R,K,S,E,H,Y,A,Y,L,Q,K,R
DRB3*01:31,DR-5201,SEROTYPE,E,L,R,K,S,E,H,Y,A,S,I,Q,K,R
DRB3*01:32,DR-5201,SEROTYPE,E,L,R,K,S,E,H,Y,A,S,L,Q,K,Q
DRB3*01:33,DR-5201,FULL,E,L,R,K,S,E,H,Y,A,S,L,Q,K,R
DRB3*01:34,DR-5201,FULL,E,L,R,K,S,E,H,Y,A,S,L,Q,K,R
DRB3*01:35,DR-5201,FULL,E,L,R,K,S,E,H,Y,A,S,L,Q,K,R
DRB3*01:36,DR-5201,FULL,E,L,R,K,S,E,H,Y,A,S,L,Q,K,R
DRB3*01:37,DR-5201,FULL,E,L,R,K,S,E,H,Y,A,S,L,Q,K,R
DRB3*01:38,DR-5201,SEROTYPE,E,L,R,K,S,E,Y,Y,A,S,L,Q,K,R
DRB3*01:39,DR-5202,FULL,E,L,L,K,S,E,H,Y,A,Y,L,Q,K,Q
DRB3*01:41,DR-5202,FULL,E,L,L,K,S,E,H,Y,A,Y,L,Q,K,Q
DRB3*01:42,DR-5201,SEROTYPE,E,L,R,K,S,E,H,Y,E,Y,F,Q,K,R
DRB3*01:43,DR-5201,FULL,E,L,R,K,S,E,H,Y,A,S,L,Q,K,R
DRB3*01:44,DR-5201,FULL,E,L,R,K,S,E,H,Y,A,S,L,Q,K,R
DRB3*01:45,DR-5201,FULL,E,L,R,K,S,E,H,Y,A,S,L,Q,K,R
DRB3*01:46,DR-5201,SEROTYPE,E,L,R,K,S,E,H,F,A,S,L,Q,K,R
DRB3*01:47,DR-5201,FULL,E,L,R,K,S,E,H,Y,A,S,L,Q,K,R
DRB3*01:48,DR-5201,FULL,E,L,R,K,S,E,H,Y,A,S,L,Q,K,R
DRB3*01:49,DR-5201,SEROTYPE,E,L,R,K,S,E,H,Y,A,Y,F,Q,K,R
DRB3*01:50,DR-5201,SEROTYPE,E,L,R,K,S,E,H,Y,A,Y,L,Q,K,Q
DRB3*01:51,DR-5201,FULL,E,L,R,K,S,E,H,Y,A,S,L,Q,K,R
DRB3*01:52,DR-5201,FULL,E,L,R,K,S,E,H,Y,A,S,L,Q,K,R
DRB3*01:53,DR-5201,FULL,E,L,R,K,S,E,H,Y,A,S,L,Q,K,R
DRB3*01:54,DR-5201,FULL,E,L,R,K,S,E,H,Y,A,S,L,Q,K,R
DRB3*01:55,DR-5201,FULL,E,L,R,K,S,E,H,Y,A,S,L,Q,K,R
DRB3*01:56,DR-5201,FULL,E,L,R,K,S,E,H,Y,A,S,L,Q,K,R
DRB3*01:57,DR-5201,FULL,E,L,R,K,S,E,H,Y,A,S,L,Q,K,R
DRB3*01:58,DR-5201,FULL,E,L,R,K,S,E,H,Y,A,S,L,Q,K,R
DRB3*01:59,DR-5201,FULL,E,L,R,K,S,E,H,Y,A,S,L,Q,K,R
DRB3*01:60,DR-5201,FULL,E,L,R,K,S,E,H,Y,A,S,L,Q,K,R
DRB3*01:61,DR-5201,FULL,E,L,R,K,S,E,H,Y,A,S,L,Q,K,R
DRB3*01:62,DR-5201,FULL,E,L,R,K,S,E,H,Y,A,S,L,Q,K,R
DRB3*01:63,DR-5201,FULL,E,L,R,K,S,E,H,Y,A,S,L,Q,K,R
DRB3*01:64,DR-5201,FULL,E,L,R,K,S,E,H,Y,A,S,L,Q,K,R
DRB3*01:65,DR-5201,FULL,E,L,R,K,S,E,H,Y,A,S,L,Q,K,R
DRB3*01:66,DR-5201,FULL,E,L,R,K,S,E,H,Y,A,S,L,Q,K,R
DRB3*01:67,DR-5201,SEROTYPE,E,L,L,K,S,E,H,Y,A,S,L,Q,K,R
DRB3*01:68,UNA,UNASSIGNED,E,L,R,K,T,E,H,Y,A,S,L,Q,K,R
DRB3*01:69,DR-5201,SEROTYPE,E,L,R,K,S,K,H,Y,A,S,L,Q,K,R
DRB3*01:70,DR-5201,FULL,E,L,R,K,S,E,H,Y,A,S,L,Q,K,R
DRB3*01:71,DR-5201,FULL,E,L,R,K,S,E,H,Y,A,S,L,Q,K,R
DRB3*01:72,DR-5201,FULL,E,L,R,K,S,E,H,Y,A,S,L,Q,K,R
DRB3*01:74,DR-5201,FULL,E,L,R,K,S,E,H,Y,A,S,L,Q,K,R
DRB3*01:75,DR-5201,FULL,E,L,R,K,S,E,H,Y,A,S,L,Q,K,R
DRB3*01:76,DR-5201,SEROTYPE,E,L,R,K,S,E,H,Y,A,Y,L,Q,K,R
DRB3*01:78,DR-5201,FULL,E,L,R,K,S,E,H,Y,A,S,L,Q,K,R
DRB3*01:79,DR-5201,FULL,E,L,R,K,S,E,H,Y,A,S,L,Q,K,R
DRB3*01:80,UNA,UNASSIGNED,E,L,R,Q,S,E,H,Y,A,S,L,Q,K,R
DRB3*01:82,DR-5201,FULL,E,L,R,K,S,E,H,Y,A,S,L,Q,K,R
DRB3*01:83,DR-5201,FULL,E,L,R,K,S,E,H,Y,A,S,L,Q,K,R
DRB3*01:84,DR-5201,FULL,E,L,R,K,S,E,H,Y,A,S,L,Q,K,R
DRB3*01:85,DR-5201,FULL,E,L,R,K,S,E,H,Y,A,S,L,Q,K,R
DRB3*01:86,DR-5201,FULL,E,L,R,K,S,E,H,Y,A,S,L,Q,K,R
DRB3*01:87,DR-5201,FULL,E,L,R,K,S,E,H,Y,A,S,L,Q,K,R
DRB3*01:88,DR-5201,SEROTYPE,E,L,R,K,S,E,D,Y,A,S,L,Q,K,R
DRB3*01:89,DR-5201,FULL,E,L,R,K,S,E,H,Y,A,S,L,Q,K,R
DRB3*01:90,DR-5201,FULL,E,L,R,K,S,E,H,Y,A,S,L,Q,K,R
DRB3*01:91,DR-5201,FULL,E,L,R,K,S,E,H,Y,A,S,L,Q,K,R
DRB3*01:92,DR-5201,FULL,E,L,R,K,S,E,H,Y,A,S,L,Q,K,R
DRB3*01:93,DR-5201,FULL,E,L,R,K,S,E,H,Y,A,S,L,Q,K,R
DRB3*01:94,DR-5201,FULL,E,L,R,K,S,E,H,Y,A,S,L,Q,K,R
DRB3*01:95,DR-5201,FULL,E,L,R,K,S,E,H,Y,A,S,L,Q,K,R
DRB3*01:96,DR-5201,FULL,E,L,R,K,S,E,H,Y,A,S,L,Q,K,R
DRB3*01:98,DR-5201,FULL,E,L,R,K,S,E,H,Y,A,S,L,Q,K,R
DRB3*01:99,DR-5201,FULL,E,L,R,K,S,E,H,Y,A,S,L,Q,K,R
DRB3*01:100,DR-5201,FULL,E,L,R,K,S,E,H,Y,A,S,L,Q,K,R
DRB3*01:101,DR-5201,FULL,E,L,R,K,S,E,H,Y,A,S,L,Q,K,R
DRB3*01:102,DR-5201,FULL,E,L,R,K,S,E,H,Y,A,S,L,Q,K,R
DRB3*01:103,DR-5201,FULL,E,L,R,K,S,E,H,Y,A,S,L,Q,K,R
DRB3*01:104,UNA,UNASSIGNED,E,L,R,K,A,E,H,Y,A,S,L,Q,K,R
DRB3*01:106,DR-5201,FULL,E,L,R,K,S,E,H,Y,A,S,L,Q,K,R
DRB3*01:107,DR-5201,FULL,E,L,R,K,S,E,H,Y,A,S,L,Q,K,R
DRB3*01:108,DR-5201,FULL,E,L,R,K,S,E,H,Y,A,S,L,Q,K,R
DRB3*01:109,DR-5201,FULL,E,L,R,K,S,E,H,Y,A,S,L,Q,K,R
DRB3*01:110,DR-5201,FULL,E,L,R,K,S,E,H,Y,A,S,L,Q,K,R
DRB3*01:111,DR-5201,FULL,E,L,R,K,S,E,H,Y,A,S,L,Q,K,R
DRB3*01:112,DR-5201,FULL,E,L,R,K,S,E,H,Y,A,S,L,Q,K,R
DRB3*01:113,DR-5201,FULL,E,L,R,K,S,E,H,Y,A,S,L,Q,K,R
DRB3*01:114,DR-5201,FULL,E,L,R,K,S,E,H,Y,A,S,L,Q,K,R
DRB3*01:115,DR-5201,FULL,E,L,R,K,S,E,H,Y,A,S,L,Q,K,R
DRB3*01:116,DR-5201,FULL,E,L,R,K,S,E,H,Y,A,S,L,Q,K,R
DRB3*02:01,DR-5202,FULL,E,L,L,K,S,E,H,Y,A,Y,L,Q,K,Q
DRB3*02:02,DR-5202,FULL,E,L,L,K,S,E,H,Y,A,Y,L,Q,K,Q
DRB3*02:03,DR-5202,FULL,E,L,L,K,S,E,H,Y,A,Y,L,Q,K,Q
DRB3*02:04,DR-5201,SEROTYPE,E,L,L,K,S,E,H,Y,A,Y,L,Q,K,R
DRB3*02:05,DR-5202,FULL,E,L,L,K,S,E,H,Y,A,Y,L,Q,K,Q
DRB3*02:06,DR-5202,FULL,E,L,L,K,S,E,H,Y,A,Y,L,Q,K,Q
DRB3*02:07,DR-5202,FULL,E,L,L,K,S,E,H,Y,A,Y,L,Q,K,Q
DRB3*02:08,DR-5202,FULL,E,L,L,K,S,E,H,Y,A,Y,L,Q,K,Q
DRB3*02:09,DR-5203,FULL,E,L,L,K,S,E,H,Y,A,S,L,Q,K,Q
DRB3*02:10,DR-5202,FULL,E,L,L,K,S,E,H,Y,A,Y,L,Q,K,Q
DRB3*02:11,DR-5201,SEROTYPE,E,L,L,K,S,E,H,Y,A,Y,I,Q,K,Q
DRB3*02:12,UNA,UNASSIGNED,Q,L,L,K,S,E,H,Y,A,Y,L,Q,K,Q
DRB3*02:13,DR-5202,FULL,E,L,L,K,S,E,H,Y,A,Y,L,Q,K,Q
DRB3*02:14,DR-5202,FULL,E,L,L,K,S,E,H,Y,A,Y,L,Q,K,Q
DRB3*02:15,DR-5202,FULL,E,L,L,K,S,E,H,Y,A,Y,L,Q,K,Q
DRB3*02:16,DR-5201,SEROTYPE,E,L,L,K,S,E,H,Y,A,H,L,Q,K,Q
DRB3*02:17,DR-5201,SEROTYPE,E,L,L,K,S,E,H,Y,A,Y,F,Q,K,Q
DRB3*02:18,DR-5201,SEROTYPE,E,L,L,K,S,E,H,Y,E,Y,L,Q,K,Q
DRB3*02:19,DR-5201,SEROTYPE,E,L,L,K,S,E,H,Y,A,S,L,Q,K,R
DRB3*02:20,DR-5202,FULL,E,L,L,K,S,E,H,Y,A,Y,L,Q,K,Q
DRB3*02:21,DR-5203,FULL,E,L,L,K,S,E,H,Y,A,S,L,Q,K,Q
DRB3*02:22,DR-5201,SEROTYPE,E,L,L,K,S,E,H,Y,A,Y,L,Q,K,R
DRB3*02:23,DR-5202,FULL,E,L,L,K,S,E,H,Y,A,Y,L,Q,K,Q
DRB3*02:24,DR-5202,FULL,E,L,L,K,S,E,H,Y,A,Y,L,Q,K,Q
DRB3*02:25,DR-5203,FULL,E,L,L,K,S,E,H,Y,A,S,L,Q,K,Q
DRB3*02:26,DR-5201,SEROTYPE,E,L,L,K,S,E,H,Y,A,Y,L,Q,R,Q
DRB3*02:27,DR-5201,SEROTYPE,E,L,L,K,S,E,H,Y,A,Y,L,Q,K,A
DRB3*02:28,DR-5202,FULL,E,L,L,K,S,E,H,Y,A,Y,L,Q,K,Q
DRB3*02:30,DR-5202,FULL,E,L,L,K,S,E,H,Y,A,Y,L,Q,K,Q
DRB3*02:31,DR-5202,FULL,E,L,L,K,S,E,H,Y,A,Y,L,Q,K,Q
DRB3*02:32,DR-5201,SEROTYPE,E,L,L,K,S,E,H,F,A,Y,L,Q,K,Q
DRB3*02:33,DR-5202,FULL,E,L,L,K,S,E,H,Y,A,Y,L,Q,K,Q
DRB3*02:34,DR-5202,FULL,E,L,L,K,S,E,H,Y,A,Y,L,Q,K,Q
DRB3*02:35,DR-5202,FULL,E,L,L,K,S,E,H,Y,A,Y,L,Q,K,Q
DRB3*02:36,DR-5202,FULL,E,L,L,K,S,E,H,Y,A,Y,L,Q,K,Q
DRB3*02:37,DR-5202,FULL,E,L,L,K,S,E,H,Y,A,Y,L,Q,K,Q
DRB3*02:38,DR-5202,FULL,E,L,L,K,S,E,H,Y,A,Y,L,Q,K,Q
DRB3*02:39,DR-5201,SEROTYPE,E,L,L,K,S,E,H,Y,A,D,L,Q,K,Q
DRB3*02:40,DR-5202,FULL,E,L,L,K,S,E,H,Y,A,Y,L,Q,K,Q
DRB3*02:41,DR-5202,FULL,E,L,L,K,S,E,H,Y,A,Y,L,Q,K,Q
DRB3*02:42,DR-5201,SEROTYPE,E,L,R,K,S,E,H,Y,A,Y,L,Q,K,Q
DRB3*02:43,DR-5202,FULL,E,L,L,K,S,E,H,Y,A,Y,L,Q,K,Q
DRB3*02:44,DR-5202,FULL,E,L,L,K,S,E,H,Y,A,Y,L,Q,K,Q
DRB3*02:45,DR-5202,FULL,E,L,L,K,S,E,H,Y,A,Y,L,Q,K,Q
DRB3*02:46,DR-5202,FULL,E,L,L,K,S,E,H,Y,A,Y,L,Q,K,Q
DRB3*02:47,DR-5202,FULL,E,L,L,K,S,E,H,Y,A,Y,L,Q,K,Q
DRB3*02:48,DR-5203,FULL,E,L,L,K,S,E,H,Y,A,S,L,Q,K,Q
DRB3*02:49,DR-5202,FULL,E,L,L,K,S,E,H,Y,A,Y,L,Q,K,Q
DRB3*02:50,DR-5202,FULL,E,L,L,K,S,E,H,Y,A,Y,L,Q,K,Q
DRB3*02:51,DR-5202,FULL,E,L,L,K,S,E,H,Y,A,Y,L,Q,K,Q
DRB3*02:52,DR-5202,FULL,E,L,L,K,S,E,H,Y,A,Y,L,Q,K,Q
DRB3*02:53,DR-5201,SEROTYPE,E,L,L,K,S,E,R,Y,A,Y,L,Q,K,Q
DRB3*02:54,DR-5202,FULL,E,L,L,K,S,E,H,Y,A,Y,L,Q,K,Q
DRB3*02:56,DR-5201,SEROTYPE,E,L,L,K,S,E,H,Y,A,S,L,Q,K,R
DRB3*02:57,DR-5202,FULL,E,L,L,K,S,E,H,Y,A,Y,L,Q,K,Q
DRB3*02:58,DR-5201,SEROTYPE,E,L,L,K,S,E,H,Y,A,Y,L,Q,R,E
DRB3*02:59,DR-5202,FULL,E,L,L,K,S,E,H,Y,A,Y,L,Q,K,Q
DRB3*02:60,DR-5202,FULL,E,L,L,K,S,E,H,Y,A,Y,L,Q,K,Q
DRB3*02:62,DR-5202,FULL,E,L,L,K,S,E,H,Y,A,Y,L,Q,K,Q
DRB3*02:63,DR-5202,FULL,E,L,L,K,S,E,H,Y,A,Y,L,Q,K,Q
DRB3*02:64,DR-5202,FULL,E,L,L,K,S,E,H,Y,A,Y,L,Q,K,Q
DRB3*02:65,DR-5201,SEROTYPE,E,L,L,K,S,E,H,Y,A,Y,L,H,K,Q
DRB3*02:66,UNA,UNASSIGNED,E,L,L,K,P,E,H,Y,A,Y,L,Q,K,Q
DRB3*02:68,DR-5202,FULL,E,L,L,K,S,E,H,Y,A,Y,L,Q,K,Q
DRB3*02:69,DR-5202,FULL,E,L,L,K,S,E,H,Y,A,Y,L,Q,K,Q
DRB3*02:70,DR-5202,FULL,E,L,L,K,S,E,H,Y,A,Y,L,Q,K,Q
DRB3*02:71,DR-5202,FULL,E,L,L,K,S,E,H,Y,A,Y,L,Q,K,Q
DRB3*02:72,DR-5202,FULL,E,L,L,K,S,E,H,Y,A,Y,L,Q,K,Q
DRB3*02:73,DR-5202,FULL,E,L,L,K,S,E,H,Y,A,Y,L,Q,K,Q
DRB3*02:74,DR-5202,FULL,E,L,L,K,S,E,H,Y,A,Y,L,Q,K,Q
DRB3*02:75,DR-5202,FULL,E,L,L,K,S,E,H,Y,A,Y,L,Q,K,Q
DRB3*02:76,DR-5202,FULL,E,L,L,K,S,E,H,Y,A,Y,L,Q,K,Q
DRB3*02:77,DR-5202,FULL,E,L,L,K,S,E,H,Y,A,Y,L,Q,K,Q
DRB3*02:78,UNA,UNASSIGNED,D,L,L,K,S,E,H,Y,A,Y,L,Q,K,Q
DRB3*02:79,DR-5202,FULL,E,L,L,K,S,E,H,Y,A,Y,L,Q,K,Q
DRB3*02:81,DR-5201,SEROTYPE,E,L,L,K,S,E,H,F,A,Y,L,Q,K,Q
DRB3*02:82,DR-5202,FULL,E,L,L,K,S,E,H,Y,A,Y,L,Q,K,Q
DRB3*02:83,DR-5202,FULL,E,L,L,K,S,E,H,Y,A,Y,L,Q,K,Q
DRB3*02:84,DR-5202,FULL,E,L,L,K,S,E,H,Y,A,Y,L,Q,K,Q
DRB3*02:85,DR-5202,FULL,E,L,L,K,S,E,H,Y,A,Y,L,Q,K,Q
DRB3*02:86,DR-5202,FULL,E,L,L,K,S,E,H,Y,A,Y,L,Q,K,Q
DRB3*02:87,DR-5202,FULL,E,L,L,K,S,E,H,Y,A,Y,L,Q,K,Q
DRB3*02:88,DR-5202,FULL,E,L,L,K,S,E,H,Y,A,Y,L,Q,K,Q
DRB3*02:89,DR-5203,FULL,E,L,L,K,S,E,H,Y,A,S,L,Q,K,Q
DRB3*02:90,DR-5202,FULL,E,L,L,K,S,E,H,Y,A,Y,L,Q,K,Q
DRB3*02:91,UNA,UNASSIGNED,E,L,L,K,T,E,H,Y,A,Y,L,Q,K,Q
DRB3*02:92,DR-5202,FULL,E,L,L,K,S,E,H,Y,A,Y,L,Q,K,Q
DRB3*02:93,DR-5202,FULL,E,L,L,K,S,E,H,Y,A,Y,L,Q,K,Q
DRB3*02:94,DR-5202,FULL,E,L,L,K,S,E,H,Y,A,Y,L,Q,K,Q
DRB3*02:96,DR-5202,FULL,E,L,L,K,S,E,H,Y,A,Y,L,Q,K,Q
DRB3*02:97,DR-5202,FULL,E,L,L,K,S,E,H,Y,A,Y,L,Q,K,Q
DRB3*02:98,DR-5202,FULL,E,L,L,K,S,E,H,Y,A,Y,L,Q,K,Q
DRB3*02:99,DR-5202,FULL,E,L,L,K,S,E,H,Y,A,Y,L,Q,K,Q
DRB3*02:100,DR-5203,FULL,E,L,L,K,S,E,H,Y,A,S,L,Q,K,Q
DRB3*02:101,DR-5202,FULL,E,L,L,K,S,E,H,Y,A,Y,L,Q,K,Q
DRB3*02:102,DR-5202,FULL,E,L,L,K,S,E,H,Y,A,Y,L,Q,K,Q
DRB3*02:103,DR-5201,SEROTYPE,E,L,L,K,S,E,H,Y,A,Y,L,R,K,Q
DRB3*02:104,DR-5202,FULL,E,L,L,K,S,E,H,Y,A,Y,L,Q,K,Q
DRB3*02:105,DR-5202,FULL,E,L,L,K,S,E,H,Y,A,Y,L,Q,K,Q
DRB3*02:106,DR-5201,SEROTYPE,E,L,L,K,S,E,H,Y,A,Y,L,R,K,Q
DRB3*02:107,DR-5202,FULL,E,L,L,K,S,E,H,Y,A,Y,L,Q,K,Q
DRB3*02:108,DR-5202,FULL,E,L,L,K,S,E,H,Y,A,Y,L,Q,K,Q
DRB3*02:110,DR-5202,FULL,E,L,L,K,S,E,H,Y,A,Y,L,Q,K,Q
DRB3*02:111,DR-5201,SEROTYPE,E,L,L,K,S,E,H,Y,A,Y,F,D,R,A
DRB3*02:112,DR-5202,FULL,E,L,L,K,S,E,H,Y,A,Y,L,Q,K,Q
DRB3*02:113,DR-5202,FULL,E,L,L,K,S,E,H,Y,A,Y,L,Q,K,Q
DRB3*02:114,DR-5202,FULL,E,L,L,K,S,E,H,Y,A,Y,L,Q,K,Q
DRB3*02:115,DR-5202,FULL,E,L,L,K,S,E,H,Y,A,Y,L,Q,K,Q
DRB3*02:116,DR-5202,FULL,E,L,L,K,S,E,H,Y,A,Y,L,Q,K,Q
DRB3*02:117,DR-5202,FULL,E,L,L,K,S,E,H,Y,A,Y,L,Q,K,Q
DRB3*02:118,DR-5202,FULL,E,L,L,K,S,E,H,Y,A,Y,L,Q,K,Q
DRB3*02:119,DR-5202,FULL,E,L,L,K,S,E,H,Y,A,Y,L,Q,K,Q
DRB3*02:120,DR-5202,FULL,E,L,L,K,S,E,H,Y,A,Y,L,Q,K,Q
DRB3*02:122,DR-5202,FULL,E,L,L,K,S,E,H,Y,A,Y,L,Q,K,Q
DRB3*02:123,DR-5202,FULL,E,L,L,K,S,E,H,Y,A,Y,L,Q,K,Q
DRB3*02:124,DR-5202,FULL,E,L,L,K,S,E,H,Y,A,Y,L,Q,K,Q
DRB3*02:126,DR-5202,FULL,E,L,L,K,S,E,H,Y,A,Y,L,Q,K,Q
DRB3*02:127,DR-5202,FULL,E,L,L,K,S,E,H,Y,A,Y,L,Q,K,Q
DRB3*02:128,DR-5202,FULL,E,L,L,K,S,E,H,Y,A,Y,L,Q,K,Q
DRB3*02:129,DR-5202,FULL,E,L,L,K,S,E,H,Y,A,Y,L,Q,K,Q
DRB3*02:130,DR-5202,FULL,E,L,L,K,S,E,H,Y,A,Y,L,Q,K,Q
DRB3*02:131,DR-5201,SEROTYPE,E,L,L,K,S,E,H,Y,A,Y,I,D,R,L
DRB3*02:132,DR-5202,FULL,E,L,L,K,S,E,H,Y,A,Y,L,Q,K,Q
DRB3*02:133,DR-5202,FULL,E,L,L,K,S,E,H,Y,A,Y,L,Q,K,Q
DRB3*02:134,DR-5202,FULL,E,L,L,K,S,E,H,Y,A,Y,L,Q,K,Q
DRB3*02:135,DR-5202,FULL,E,L,L,K,S,E,H,Y,A,Y,L,Q,K,Q
DRB3*02:136,DR-5202,FULL,E,L,L,K,S,E,H,Y,A,Y,L,Q,K,Q
DRB3*02:138,DR-5202,FULL,E,L,L,K,S,E,H,Y,A,Y,L,Q,K,Q
DRB3*02:139,DR-5202,FULL,E,L,L,K,S,E,H,Y,A,Y,L,Q,K,Q
DRB3*02:140,DR-5202,FULL,E,L,L,K,S,E,H,Y,A,Y,L,Q,K,Q
DRB3*02:141,DR-5202,FULL,E,L,L,K,S,E,H,Y,A,Y,L,Q,K,Q
DRB3*02:142,DR-5202,FULL,E,L,L,K,S,E,H,Y,A,Y,L,Q,K,Q
DRB3*02:143,DR-5201,SEROTYPE,E,L,L,K,S,E,H,Y,A,Y,L,R,R,Q
DRB3*02:144,DR-5202,FULL,E,L,L,K,S,E,H,Y,A,Y,L,Q,K,Q
DRB3*02:146,DR-5201,SEROTYPE,E,L,L,K,S,E,H,F,A,S,L,Q,K,R
DRB3*02:147,DR-5202,FULL,E,L,L,K,S,E,H,Y,A,Y,L,Q,K,Q
DRB3*02:148,DR-5202,FULL,E,L,L,K,S,E,H,Y,A,Y,L,Q,K,Q
DRB3*02:149,DR-5202,FULL,E,L,L,K,S,E,H,Y,A,Y,L,Q,K,Q
DRB3*02:150,DR-5202,FULL,E,L,L,K,S,E,H,Y,A,Y,L,Q,K,Q
DRB3*02:151,DR-5202,FULL,E,L,L,K,S,E,H,Y,A,Y,L,Q,K,Q
DRB3*02:152,DR-5202,FULL,E,L,L,K,S,E,H,Y,A,Y,L,Q,K,Q
DRB3*02:153,DR-5202,FULL,E,L,L,K,S,E,H,Y,A,Y,L,Q,K,Q
DRB3*02:154,DR-5202,FULL,E,L,L,K,S,E,H,Y,A,Y,L,Q,K,Q
DRB3*02:155,DR-5202,FULL,E,L,L,K,S,E,H,Y,A,Y,L,Q,K,Q
DRB3*02:156,DR-5202,FULL,E,L,L,K,S,E,H,Y,A,Y,L,Q,K,Q
DRB3*02:157,DR-5202,FULL,E,L,L,K,S,E,H,Y,A,Y,L,Q,K,Q
DRB3*02:158,DR-5202,FULL,E,L,L,K,S,E,H,Y,A,Y,L,Q,K,Q
DRB3*02:159,DR-5202,FULL,E,L,L,K,S,E,H,Y,A,Y,L,Q,K,Q
DRB3*02:160,DR-5201,SEROTYPE,E,L,L,K,S,E,H,Y,A,Y,I,D,E,A
DRB3*02:161,DR-5202,FULL,E,L,L,K,S,E,H,Y,A,Y,L,Q,K,Q
DRB3*02:162,DR-5202,FULL,E,L,L,K,S,E,H,Y,A,Y,L,Q,K,Q
DRB3*02:163,DR-5202,FULL,E,L,L,K,S,E,H,Y,A,Y,L,Q,K,Q
DRB3*02:164,DR-5202,FULL,E,L,L,K,S,E,H,Y,A,Y,L,Q,K,Q
DRB3*02:166,DR-5202,FULL,E,L,L,K,S,E,H,Y,A,Y,L,Q,K,Q
DRB3*02:167,DR-5202,FULL,E,L,L,K,S,E,H,Y,A,Y,L,Q,K,Q
DRB3*02:168,DR-5202,FULL,E,L,L,K,S,E,H,Y,A,Y,L,Q,K,Q
DRB3*02:169,DR-5202,FULL,E,L,L,K,S,E,H,Y,A,Y,L,Q,K,Q
DRB3*02:170,DR-5202,FULL,E,L,L,K,S,E,H,Y,A,Y,L,Q,K,Q
DRB3*02:171,DR-5203,FULL,E,L,L,K,S,E,H,Y,A,S,L,Q,K,Q
DRB3*02:172,DR-5202,FULL,E,L,L,K,S,E,H,Y,A,Y,L,Q,K,Q
DRB3*02:173,DR-5203,FULL,E,L,L,K,S,E,H,Y,A,S,L,Q,K,Q
DRB3*02:174,DR-5202,FULL,E,L,L,K,S,E,H,Y,A,Y,L,Q,K,Q
DRB3*02:175,DR-5202,FULL,E,L,L,K,S,E,H,Y,A,Y,L,Q,K,Q
DRB3*02:176,DR-5202,FULL,E,L,L,K,S,E,H,Y,A,Y,L,Q,K,Q
DRB3*02:177,DR-5202,FULL,E,L,L,K,S,E,H,Y,A,Y,L,Q,K,Q
DRB3*02:178,DR-5202,FULL,E,L,L,K,S,E,H,Y,A,Y,L,Q,K,Q
DRB3*02:180,DR-5202,FULL,E,L,L,K,S,E,H,Y,A,Y,L,Q,K,Q
DRB3*02:181,DR-5202,FULL,E,L,L,K,S,E,H,Y,A,Y,L,Q,K,Q
DRB3*02:182,DR-5202,FULL,E,L,L,K,S,E,H,Y,A,Y,L,Q,K,Q
DRB3*02:183,DR-5202,FULL,E,L,L,K,S,E,H,Y,A,Y,L,Q,K,Q
DRB3*02:184,DR-5202,FULL,E,L,L,K,S,E,H,Y,A,Y,L,Q,K,Q
DRB3*02:185,DR-5202,FULL,E,L,L,K,S,E,H,Y,A,Y,L,Q,K,Q
DRB3*02:186,DR-5202,FULL,E,L,L,K,S,E,H,Y,A,Y,L,Q,K,Q
DRB3*02:188,DR-5202,FULL,E,L,L,K,S,E,H,Y,A,Y,L,Q,K,Q
DRB3*02:189,DR-5202,FULL,E,L,L,K,S,E,H,Y,A,Y,L,Q,K,Q
DRB3*02:190,DR-5201,SEROTYPE,E,L,V,K,S,E,H,Y,A,Y,L,Q,K,Q
DRB3*02:191,DR-5202,FULL,E,L,L,K,S,E,H,Y,A,Y,L,Q,K,Q
DRB3*02:192,DR-5202,FULL,E,L,L,K,S,E,H,Y,A,Y,L,Q,K,Q
DRB3*02:193,DR-5202,FULL,E,L,L,K,S,E,H,Y,A,Y,L,Q,K,Q
DRB3*03:01,DR-5203,FULL,E,L,L,K,S,E,H,Y,A,S,L,Q,K,Q
DRB3*03:02,DR-5203,FULL,E,L,L,K,S,E,H,Y,A,S,L,Q,K,Q
DRB3*03:03,DR-5201,SEROTYPE,E,L,L,K,S,E,H,Y,A,S,L,Q,K,R
DRB3*03:04,DR-5201,SEROTYPE,E,L,L,K,S,E,H,Y,A,S,L,Q,K,R
DRB3*03:05,DR-5203,FULL,E,L,L,K,S,E,H,Y,A,S,L,Q,K,Q
DRB3*03:06,DR-5203,FULL,E,L,L,K,S,E,H,Y,A,S,L,Q,K,Q
DRB3*03:07,DR-5203,FULL,E,L,L,K,S,E,H,Y,A,S,L,Q,K,Q
DRB3*03:08,DR-5203,FULL,E,L,L,K,S,E,H,Y,A,S,L,Q,K,Q
DRB3*03:09,DR-5203,FULL,E,L,L,K,S,E,H,Y,A,S,L,Q,K,Q
DRB3*03:10,DR-5203,FULL,E,L,L,K,S,E,H,Y,A,S,L,Q,K,Q
DRB3*03:11,DR-5203,FULL,E,L,L,K,S,E,H,Y,A,S,L,Q,K,Q
DRB3*03:12,DR-5203,FULL,E,L,L,K,S,E,H,Y,A,S,L,Q,K,Q
DRB3*03:13,DR-5203,FULL,E,L,L,K,S,E,H,Y,A,S,L,Q,K,Q
DRB3*03:14,DR-5203,FULL,E,L,L,K,S,E,H,Y,A,S,L,Q,K,Q
DRB3*03:15,DR-5201,SEROTYPE,E,L,L,K,S,E,H,Y,A,S,I,Q,K,Q
DRB3*03:16,DR-5203,FULL,E,L,L,K,S,E,H,Y,A,S,L,Q,K,Q
DRB3*03:17,DR-5203,FULL,E,L,L,K,S,E,H,Y,A,S,L,Q,K,Q
DRB3*03:18,DR-5203,FULL,E,L,L,K,S,E,H,Y,A,S,L,Q,K,Q
DRB3*03:19,DR-5203,FULL,E,L,L,K,S,E,H,Y,A,S,L,Q,K,Q
DRB3*03:20,DR-5203,FULL,E,L,L,K,S,E,H,Y,A,S,L,Q,K,Q
DRB3*03:21,DR-5203,FULL,E,L,L,K,S,E,H,Y,A,S,L,Q,K,Q
DRB3*03:23,DR-5203,FULL,E,L,L,K,S,E,H,Y,A,S,L,Q,K,Q
DRB3*03:24,DR-5203,FULL,E,L,L,K,S,E,H,Y,A,S,L,Q,K,Q
DRB3*03:25,DR-5203,FULL,E,L,L,K,S,E,H,Y,A,S,L,Q,K,Q
DRB3*03:26,DR-5201,SEROTYPE,E,L,L,K,S,E,H,F,A,S,L,Q,K,Q
DRB3*03:27,DR-5203,FULL,E,L,L,K,S,E,H,Y,A,S,L,Q,K,Q
DRB3*03:28,DR-5203,FULL,E,L,L,K,S,E,H,Y,A,S,L,Q,K,Q
DRB3*03:29,DR-5203,FULL,E,L,L,K,S,E,H,Y,A,S,L,Q,K,Q
DRB3*03:31,DR-5203,FULL,E,L,L,K,S,E,H,Y,A,S,L,Q,K,Q
DRB3*03:32,DR-5203,FULL,E,L,L,K,S,E,H,Y,A,S,L,Q,K,Q
DRB3*03:33,DR-5203,FULL,E,L,L,K,S,E,H,Y,A,S,L,Q,K,Q
DRB3*03:34,DR-5203,FULL,E,L,L,K,S,E,H,Y,A,S,L,Q,K,Q
DRB3*03:35,DR-5203,FULL,E,L,L,K,S,E,H,Y,A,S,L,Q,K,Q
DRB3*03:36,DR-5201,SEROTYPE,E,L,L,K,S,E,H,Y,D,S,L,Q,K,Q
DRB3*03:37,DR-5203,FULL,E,L,L,K,S,E,H,Y,A,S,L,Q,K,Q
DRB3*03:38,DR-5203,FULL,E,L,L,K,S,E,H,Y,A,S,L,Q,K,Q
DRB3*03:39,DR-5203,FULL,E,L,L,K,S,E,H,Y,A,S,L,Q,K,Q
DRB3*03:40,DR-5203,FULL,E,L,L,K,S,E,H,Y,A,S,L,Q,K,Q
DRB3*03:41,DR-5203,FULL,E,L,L,K,S,E,H,Y,A,S,L,Q,K,Q
DRB3*03:42,DR-5203,FULL,E,L,L,K,S,E,H,Y,A,S,L,Q,K,Q
DRB3*03:43,DR-5203,FULL,E,L,L,K,S,E,H,Y,A,S,L,Q,K,Q
DRB3*03:44,DR-5203,FULL,E,L,L,K,S,E,H,Y,A,S,L,Q,K,Q
DRB3*03:45,DR-5203,FULL,E,L,L,K,S,E,H,Y,A,S,L,Q,K,Q
DRB3*03:46,DR-5201,SEROTYPE,E,L,F,K,S,E,H,Y,A,S,L,Q,K,Q
DRB3*03:47,DR-5203,FULL,E,L,L,K,S,E,H,Y,A,S,L,Q,K,Q
DRB3*03:48,DR-5203,FULL,E,L,L,K,S,E,H,Y,A,S,L,Q,K,Q
DRB3*03:49,DR-5203,FULL,E,L,L,K,S,E,H,Y,A,S,L,Q,K,Q
DRB3*03:50,DR-5203,FULL,E,L,L,K,S,E,H,Y,A,S,L,Q,K,Q
DRB3*03:51,DR-5203,FULL,E,L,L,K,S,E,H,Y,A,S,L,Q,K,Q
DRB3*03:52,DR-5203,FULL,E,L,L,K,S,E,H,Y,A,S,L,Q,K,Q
DRB3*03:53,DR-5203,FULL,E,L,L,K,S,E,H,Y,A,S,L,Q,K,Q
DRB3*03:54,DR-5203,FULL,E,L,L,K,S,E,H,Y,A,S,L,Q,K,Q
DRB3*03:55,DR-5202,FULL,E,L,L,K,S,E,H,Y,A,Y,L,Q,K,Q
DRB3*03:56,DR-5203,FULL,E,L,L,K,S,E,H,Y,A,S,L,Q,K,Q
DRB3*03:58,DR-5203,FULL,E,L,L,K,S,E,H,Y,A,S,L,Q,K,Q
DRB3*03:59,DR-5203,FULL,E,L,L,K,S,E,H,Y,A,S,L,Q,K,Q
DRB3*03:60,DR-5203,FULL,E,L,L,K,S,E,H,Y,A,S,L,Q,K,Q
DRB3*03:61,DR-5203,FULL,E,L,L,K,S,E,H,Y,A,S,L,Q,K,Q
DRB3*03:62,DR-5203,FULL,E,L,L,K,S,E,H,Y,A,S,L,Q,K,Q
DRB3*03:63,DR-5203,FULL,E,L,L,K,S,E,H,Y,A,S,L,Q,K,Q
DRB3*03:64,DR-5203,FULL,E,L,L,K,S,E,H,Y,A,S,L,Q,K,Q
DRB3*03:65,DR-5203,FULL,E,L,L,K,S,E,H,Y,A,S,L,Q,K,Q
