Serotype,WHOAccepted,Allele,CIWD3.0,CWD2.0,EURCWD,45,46,47,55,57,70,71,74,77,84,89,90
DQ-0501,DQ5,DQB1*05:01:01:01,C,C,C,G,V,Y,R,V,G,A,S,R,E,G,I
DQ-0502,DQ5,DQB1*05:02:01:01,C,C,C,G,V,Y,R,S,G,A,S,R,E,G,I
DQ-0503,DQ5,DQB1*05:03:01:01,C,C,C,G,V,Y,R,D,G,A,S,R,E,G,I
DQ-0602,DQ6,DQB1*06:02:01:01,C,C,C,G,V,Y,R,D,G,T,E,T,E,G,I
DQ-0608,DQ6,DQB1*06:08:01,C,C,WD,G,V,Y,R,V,G,T,E,T,E,G,I
DQ-0610,DQ6,DQB1*06:10,C,WD,,G,V,Y,R,S,G,T,E,T,E,G,I
DQ-0201,DQ2,DQB1*02:01:01:01,C,C,C,G,E,F,L,A,R,K,A,R,Q,T,T
DQ-0203,DQ2,DQB1*02:180,,,,G,E,F,L,D,R,K,A,R,Q,T,T
DQ-0301,DQ7,DQB1*03:01:01:01,C,C,C,E,V,Y,P,D,R,T,E,T,Q,T,T
DQ-0304,DQ7,DQB1*03:04:01:01,C,C,C,E,V,Y,P,A,R,T,E,T,Q,T,T
DQ-0302,DQ8,DQB1*03:02:01:01,C,C,C,G,V,Y,P,A,R,T,E,T,Q,T,T
DQ-0303,DQ9,DQB1*03:03:02:01,C,C,C,G,V,Y,P,D,R,T,E,T,Q,T,T
DQ-0401,DQ4,DQB1*04:01:01:01,C,C,C,G,V,Y,R,D,E,D,S,T,Q,T,T
