Antigen,Protein,CIWD3.0,CWD2.0,EURCWD,43,44,45,56,62,63,65,66,67,73,74,76,82,83,90,102,103,107,109,127,138,144,145,149,151,161,163,166,167,171
A1,A*01:01,C,C,C,,K,,,,,,,M,,,A,,,,,,,,,,,,,,,R,D,G,
A0201,A*02:01,C,C,C,Q,,,,G,,,K,,T,,,,,,,,W,,,M,K,H,A,,,T,,,
A0202,A*02:02,C,C,C,R,,,,G,,,K,,T,,,,,,,,W,,,M,K,H,A,,,T,,,
A0203,A*02:03,C,C,WD,Q,,,,G,,,K,,T,,,,,,,,W,,,M,K,H,T,,,T,,,
A0208,A*02:08,C,C,,R,,,,G,,,N,,T,,,,,,,,W,,,M,K,H,A,,,T,,,
A0210,A*02:10,C,C,,Q,,,,G,,,K,,T,,,,,,,,G,,,M,K,H,A,,,T,,,
A0211,A*02:11,C,C,WD,Q,,,,G,,,K,,I,,,,,,,,W,,,M,K,H,A,,,T,,,
A0216,A*02:16,C,WD,,Q,,,,G,,,K,,T,,,,,,,,W,,,M,K,H,A,,,E,,,
A0218,A*02:18,WD,WD,,Q,,,,G,,,K,,T,,,,,,,,W,,,K,K,H,A,,,T,,,
A0219,A*02:19,I,WD,,,,,,G,,R,,,,,,R,G,,,,,,,,K,R,,,E,T,D,G,
A0220,A*02:20,C,C,WD,Q,,,,G,,,N,,T,,,,,,,,W,,,M,K,H,A,,,T,,,
A0244,A*02:44,I,WD,,,,,,G,,R,,,,,,R,G,,,,,,,,K,R,,,E,T,E,W,
A0246,A*02:46,WD,,,,,,,E,,G,,,,,,R,G,,,,W,,,,K,,,H,,T,E,W,
A0256,A*02:56,I,,,Q,,,,Q,,,N,,T,,,,,,,,W,,,M,K,H,A,,,T,,,
A0265,A*02:65,,,,,,M,G,G,E,,,,T,,V,,,,,,,L,,,Q,,,,E,T,,,
A0285,A*02:85,C,WD,WD,Q,,,,G,,,K,,T,,,,,,,,W,,,M,K,H,V,,,T,,,
A0301,A*03:01,C,C,C,,,,,Q,,,,,,,V,,,,,,,,,,K,,,,D,T,,,
A0305,A*03:05,I,C,WD,,,,,Q,,,,,,,V,,,,,,,,,,K,R,,,E,T,,,
A0323,A*03:23,WD,,,,,,,G,,R,,,,,,R,G,,,,,,,,K,R,,,D,T,E,W,
A11,A*11:01,C,C,C,,,,,Q,,,,,,,V,,,,,,,,,,K,,,,E,R,,W,
A2301,A*23:01,C,C,C,,,,,E,,G,,,,,,L,R,,,,G,,,,Q,,,R,,T,D,G,
A2304,A*23:04,WD,WD,,,,,,E,,G,,,,,,L,R,,,,G,,,,Q,,,R,,T,E,W,
A2402,A*24:02,C,C,C,,,,,E,,G,,,,,,L,R,,,,G,,,,K,,,H,,T,D,G,
A2403,A*24:03,C,C,C,,,,,E,,G,,,,,,L,R,,,,G,,,,K,,,H,,T,E,W,
A2404,A*24:04,I,WD,WD,,,,,E,,G,,,,,,R,G,,,,G,,,,K,,,H,,T,D,G,
A2405,A*24:05,C,WD,WD,,,,,E,,G,,,,,,L,R,,,,G,,,,Q,,,H,,T,D,G,
A2408,A*24:08,I,WD,WD,,,,,G,,R,,,,,,L,R,,,,G,,,,K,,,H,,T,D,G,
A2410,A*24:10,C,C,WD,,,,,E,,G,,,,,,L,R,,,,G,,,,K,,,H,,R,E,W,
A2414,A*24:14,C,WD,,,,,,E,,G,,,,,,L,R,,,,W,,,,K,,,H,,T,D,G,
A2423,A*24:23,C,WD,,,,,,E,,G,,,,,,L,R,,,,G,,,,K,,,H,,T,D,W,
A2424,A*24:24,WD,,,,,,,R,,R,,,,,,L,R,,,,G,,,,Q,,,R,,T,D,G,
A25,A*25:01,C,C,C,,,,,,,,,,,,E,L,R,,,,,,,,Q,,T,,,R,E,W,
A2601,A*26:01,C,C,C,,,,,R,N,,,,,D,A,,,,,,,,,,Q,,T,,,R,E,,
A2603,A*26:03,C,C,WD,,,,,R,N,,,,,H,V,,,,,,,,,,Q,,T,,,R,E,,
A2607,A*26:07,I,WD,,,,,,G,E,,,,,D,A,,,,,,,,,,Q,,T,,,R,E,,
A2614,A*26:14,I,WD,WD,,,,,R,N,,,,,D,A,,,,,,,,,,Q,,A,,,R,E,,
A2901,A*29:01,C,C,C,,R,,,L,Q,,,,,,,,,,H,,,,,,Q,,,R,,,,,
A2902,A*29:02,C,C,C,,R,,,L,Q,,,,,,,,,,D,,,,,,Q,,,R,,,,,
A3001,A*30:01,C,C,C,,,,R,Q,,,,,T,,V,R,G,,,,,,,,Q,,,,,,,,
A3002,A*30:02,C,C,C,,,,R,Q,,,,,T,,E,R,G,,,,,,,,Q,,,,,,,,
A3007,A*30:07,C,WD,,,,,R,E,,,,,T,,E,R,G,,,,,,,,Q,,,,,,,,
A3101,A*31:01,C,C,C,,,,R,Q,,,N,,I,,V,R,G,,,,,,,,Q,,,,,,,,
A3102,A*31:02,C,WD,WD,,,,R,Q,,,K,,I,,V,R,G,,,,,,,,Q,,,,,,,,
A3201,A*32:01,C,C,C,,,,,Q,,,,,,,,L,R,,,,,L,,,Q,,,,E,T,,W,
A3204,A*32:04,I,WD,,,,,,Q,,,,,,,,L,R,,,,,F,,,K,,,,D,T,,W,
A3301,A*33:01,C,C,C,,,,,R,N,,,,I,,V,,,,,,,,,,Q,,,R,,,,,H
A3303,A*33:03,C,C,C,,,,,R,N,,,,I,,V,,,,,,,,,,Q,,,R,,,,,Y
A3308,A*33:08,WD,,,,,M,G,G,E,,,,I,,V,,,,,,,F,,,Q,,,,E,T,,,
A3313,A*33:13,WD,,,,,,,R,N,,,,T,,A,,,,,,,,,,Q,,,R,,T,,,Y
A3401,A*34:01,C,C,,,,,,R,,,K,V,,,,,,,,,,,,,Q,,T,,,T,,,
A3402,A*34:02,C,C,C,,,,,R,,,N,V,,,,,,,,,,,,,Q,,T,,,T,,,
A36,A*36:01,C,C,C,,K,,,,,,,M,,,A,,,,,,,,,,,,,,,,E,W,
A43,A*43:01,C,C,WD,,,,,L,Q,,,,,D,A,,,,,,,,,,Q,,T,,,R,E,,
A6601,A*66:01,C,C,C,,,,,R,,,N,,,D,V,,,,,,,,,,,,T,,,R,,,
A6602,A*66:02,C,C,,,,,,R,,,N,,,D,V,,,,,,,,,,,,T,,,E,,,
A6801,A*68:01,C,C,C,,,,,R,N,,,,,,V,,,,,,G,,,,K,H,,,,,,,
A6810,A*68:10,C,WD,,,,,,E,E,,,,,,V,,,,,,G,,,,K,H,,,,,,,
A6813,A*68:13,C,,WD,,,,,R,E,,,,,,V,,,,,,G,,,,K,H,,,,,,,
A6836,A*68:36,WD,,,,,,,R,,,,,,,E,L,R,,,,G,,,,K,H,,,,,,,
A69,A*69:01,C,C,C,,,,,R,,,,,,,V,,,,,,W,,,,K,H,,,,,,,
A74,A*74:01,C,C,WD,,,M,G,Q,E,,,,T,,V,,,,,,,L,,,Q,,,,E,T,,,
A80,A*80:01,C,C,WD,,,,,E,,,N,,,,,,,,,,,,,,K,R,,R,,,D,G,
