Serotype,WHOAccepted,Allele,CIWD3.0,CWD2.0,EURCWD,43,44,45,56,62,63,65,66,67,73,74,76,82,83,102,107,127,138,144,145,149,151,161,163,166,167,171
A-0101,A1,A*01:01:01:01,C,C,C,Q,K,M,G,Q,E,R,N,M,T,D,A,R,G,D,G,N,M,K,R,A,H,E,R,D,G,Y
A-1101,A11,A*11:01:01:01,C,C,C,Q,R,M,G,Q,E,R,N,V,T,D,V,R,G,D,G,N,M,K,R,A,H,E,R,E,W,Y
A-0201,A2,A*02:01:01:01,C,C,C,Q,R,M,G,G,E,R,K,V,T,H,V,R,G,D,W,K,M,K,H,A,H,E,T,E,W,Y
A-0202,A2,A*02:02:01:01,C,C,C,R,R,M,G,G,E,R,K,V,T,H,V,R,G,D,W,K,M,K,H,A,H,E,T,E,W,Y
A-0208,A2,A*02:08:01,C,C,,R,R,M,G,G,E,R,N,V,T,H,V,R,G,D,W,K,M,K,H,A,H,E,T,E,W,Y
A-0210,A2,A*02:10,C,C,,Q,R,M,G,G,E,R,K,V,T,H,V,R,G,D,G,K,M,K,H,A,H,E,T,E,W,Y
A-0211,A2,A*02:11:01:01,C,C,WD,Q,R,M,G,G,E,R,K,V,I,D,V,R,G,D,W,K,M,K,H,A,H,E,T,E,W,Y
A-0216,A2,A*02:16,C,WD,,Q,R,M,G,G,E,R,K,V,T,H,V,R,G,D,W,K,M,K,H,A,H,E,E,E,W,Y
A-0218,A2,A*02:18,WD,WD,,Q,R,M,G,G,E,R,K,V,T,H,V,R,G,D,W,K,K,K,H,A,H,E,T,E,W,Y
A-0219,A2,A*02:19,I,WD,,Q,R,M,G,G,E,R,K,V,T,H,V,R,G,D,W,K,M,K,R,A,H,E,T,D,G,Y
A-0220,A2,A*02:20:01,C,C,WD,Q,R,M,G,G,E,R,N,V,T,H,V,R,G,D,W,K,M,K,H,A,H,E,T,E,W,Y
A-0244,A2,A*02:44,I,WD,,Q,R,M,G,G,E,R,K,V,T,H,V,R,G,D,W,K,M,K,R,A,H,E,T,E,W,Y
A-0246,A2,A*02:46,WD,,,Q,R,M,G,E,E,G,K,V,T,H,V,R,G,D,W,K,M,K,H,A,H,E,T,E,W,Y
A-0256,A2,A*02:56:01,I,,,Q,R,M,G,Q,E,R,N,V,T,H,V,R,G,D,W,K,M,K,H,A,H,E,T,E,W,Y
A-0265,A2,A*02:65,,,,Q,R,M,G,G,E,R,K,V,T,H,V,R,G,D,G,N,M,Q,R,A,R,E,T,E,W,Y
A-0285,A2,A*02:85,C,WD,WD,Q,R,M,G,G,E,R,K,V,T,H,V,R,G,D,W,K,M,K,H,V,H,E,T,E,W,Y
A-0203,A203,A*02:03:01:01,C,C,WD,Q,R,M,G,G,E,R,K,V,T,H,V,R,G,D,W,K,M,K,H,T,H,E,T,E,W,Y
A-2301,A23,A*23:01:01:01,C,C,C,Q,R,M,G,E,E,G,K,V,T,D,E,L,R,D,G,K,M,Q,R,A,R,E,T,D,G,Y
A-2304,A23,A*23:04,WD,WD,,Q,R,M,G,E,E,G,K,V,T,D,E,L,R,D,G,K,M,Q,R,A,R,E,T,E,W,Y
A-2424,A23,A*24:24,WD,,,Q,R,M,G,R,N,R,N,V,T,D,E,L,R,D,G,K,M,Q,R,A,R,E,T,D,G,Y
A-2402,A24,A*24:02:01:01,C,C,C,Q,R,M,G,E,E,G,K,V,T,D,E,L,R,D,G,K,M,K,R,A,H,E,T,D,G,Y
A-2404,A24,A*24:04,I,WD,WD,Q,R,M,G,E,E,G,K,V,T,D,A,R,G,D,G,K,M,K,R,A,H,E,T,D,G,Y
A-2405,A24,A*24:05:01,C,WD,WD,Q,R,M,G,E,E,G,K,V,T,D,E,L,R,D,G,K,M,Q,R,A,H,E,T,D,G,Y
A-2408,A24,A*24:08,I,WD,WD,Q,R,M,G,G,E,R,K,V,T,D,E,L,R,D,G,K,M,K,R,A,H,E,T,D,G,Y
A-2410,A24,A*24:10:01:01,C,C,WD,Q,R,M,G,E,E,G,K,V,T,D,E,L,R,D,G,K,M,K,R,A,H,E,R,E,W,Y
A-2414,A24,A*24:14:01:01,C,WD,,Q,R,M,G,E,E,G,K,V,T,D,E,L,R,D,W,K,M,K,R,A,H,E,T,D,G,Y
A-2403,A2403,A*24:03:01:01,C,C,C,Q,R,M,G,E,E,G,K,V,T,D,E,L,R,D,G,K,M,K,R,A,H,E,T,E,W,Y
A-2423,A2403,A*24:23,C,WD,,Q,R,M,G,E,E,G,K,V,T,D,E,L,R,D,G,K,M,K,R,A,H,E,T,D,W,Y
A-2501,A25,A*25:01:01:01,C,C,C,Q,R,M,G,R,N,R,N,V,T,D,E,L,R,D,G,N,M,Q,R,T,H,E,R,E,W,Y
A-2601,A26,A*26:01:01:01,C,C,C,Q,R,M,G,R,N,R,N,V,T,D,A,R,G,D,G,N,M,Q,R,T,H,E,R,E,W,Y
A-2603,A26,A*26:03:01:01,C,C,WD,Q,R,M,G,R,N,R,N,V,T,H,V,R,G,D,G,N,M,Q,R,T,H,E,R,E,W,Y
A-2607,A26,A*26:07:01,I,WD,,Q,R,M,G,G,E,R,K,V,T,D,A,R,G,D,G,N,M,Q,R,T,H,E,R,E,W,Y
A-2614,A26,A*26:14,I,WD,WD,Q,R,M,G,R,N,R,N,V,T,D,A,R,G,D,G,N,M,Q,R,A,H,E,R,E,W,Y
A-2901,A29,A*29:01:01:01,C,C,C,Q,R,M,G,L,Q,R,N,V,T,D,A,R,G,H,G,N,M,Q,R,A,R,E,T,E,W,Y
A-2902,A29,A*29:02:01:01,C,C,C,Q,R,M,G,L,Q,R,N,V,T,D,A,R,G,D,G,N,M,Q,R,A,R,E,T,E,W,Y
A-0301,A3,A*03:01:01:01,C,C,C,Q,R,M,G,Q,E,R,N,V,T,D,V,R,G,D,G,N,M,K,R,A,H,D,T,E,W,Y
A-0305,A3,A*03:05:01,I,C,WD,Q,R,M,G,Q,E,R,N,V,T,D,V,R,G,D,G,N,M,K,R,A,H,E,T,E,W,Y
A-0323,A3,A*03:23:01,WD,,,Q,R,M,G,G,E,R,K,V,T,D,V,R,G,D,G,N,M,K,R,A,H,D,T,E,W,Y
A-3001,A30,A*30:01:01:01,C,C,C,Q,R,M,R,Q,E,R,N,V,T,D,V,R,G,D,G,N,M,Q,R,A,R,E,T,E,W,Y
A-3002,A30,A*30:02:01:01,C,C,C,Q,R,M,R,Q,E,R,N,V,T,D,E,R,G,D,G,N,M,Q,R,A,R,E,T,E,W,Y
A-3007,A30,A*30:07,C,WD,,Q,R,M,R,E,E,G,K,V,T,D,E,R,G,D,G,N,M,Q,R,A,R,E,T,E,W,Y
A-3101,A31,A*31:01:02:01,C,C,C,Q,R,M,R,Q,E,R,N,V,I,D,V,R,G,D,G,N,M,Q,R,A,R,E,T,E,W,Y
A-3102,A31,A*31:02:01,C,WD,WD,Q,R,M,R,Q,E,R,K,V,I,D,V,R,G,D,G,N,M,Q,R,A,R,E,T,E,W,Y
A-3201,A32,A*32:01:01:01,C,C,C,Q,R,M,G,Q,E,R,N,V,T,D,E,L,R,D,G,N,M,Q,R,A,R,E,T,E,W,Y
A-3204,A32,A*32:04,I,WD,,Q,R,M,G,Q,E,R,N,V,T,D,E,L,R,D,G,N,M,K,R,A,H,D,T,E,W,Y
A-3301,A33,A*33:01:01:01,C,C,C,Q,R,M,G,R,N,R,N,V,I,D,V,R,G,D,G,N,M,Q,R,A,R,E,T,E,W,H
A-3303,A33,A*33:03:01:01,C,C,C,Q,R,M,G,R,N,R,N,V,I,D,V,R,G,D,G,N,M,Q,R,A,R,E,T,E,W,Y
A-3308,A33,A*33:08,WD,,,Q,R,M,G,G,E,R,K,V,I,D,V,R,G,D,G,N,M,Q,R,A,R,E,T,E,W,Y
A-3313,A33,A*33:13,WD,,,Q,R,M,G,R,N,R,N,V,T,D,A,R,G,D,G,N,M,Q,R,A,R,E,T,E,W,Y
A-3401,A34,A*34:01:01:01,C,C,,Q,R,M,G,R,N,R,K,V,T,D,V,R,G,D,G,N,M,Q,R,T,H,E,T,E,W,Y
A-3402,A34,A*34:02:01:01,C,C,C,Q,R,M,G,R,N,R,N,V,T,D,V,R,G,D,G,N,M,Q,R,T,H,E,T,E,W,Y
A-3601,A36,A*36:01:01:01,C,C,C,Q,K,M,G,Q,E,R,N,M,T,D,A,R,G,D,G,N,M,K,R,A,H,E,T,E,W,Y
A-4301,A43,A*43:01,C,C,WD,Q,R,M,G,L,Q,R,N,V,T,D,A,R,G,D,G,N,M,Q,R,T,H,E,R,E,W,Y
A-6601,A66,A*66:01:01:01,C,C,C,Q,R,M,G,R,N,R,N,V,T,D,V,R,G,D,G,N,M,Q,R,T,H,E,R,E,W,Y
A-6602,A66,A*66:02:01:01,C,C,,Q,R,M,G,R,N,R,N,V,T,D,V,R,G,D,G,N,M,Q,R,T,H,E,E,E,W,Y
A-6801,A68,A*68:01:01:01,C,C,C,Q,R,M,G,R,N,R,N,V,T,D,V,R,G,D,G,K,M,K,H,A,H,E,T,E,W,Y
A-6810,A68,A*68:10,C,WD,,Q,R,M,G,E,E,R,N,V,T,D,V,R,G,D,G,K,M,K,H,A,H,E,T,E,W,Y
A-6813,A68,A*68:13:01,C,,WD,Q,R,M,G,R,E,R,N,V,T,D,V,R,G,D,G,K,M,K,H,A,H,E,T,E,W,Y
A-6836,A68,A*68:36,WD,,,Q,R,M,G,R,N,R,N,V,T,D,E,L,R,D,G,K,M,K,H,A,H,E,T,E,W,Y
A-6901,A69,A*69:01:01:01,C,C,C,Q,R,M,G,R,N,R,N,V,T,D,V,R,G,D,W,K,M,K,H,A,H,E,T,E,W,Y
A-7401,A74,A*74:01:01:01,C,C,WD,Q,R,M,G,Q,E,R,N,V,T,D,V,R,G,D,G,N,M,Q,R,A,R,E,T,E,W,Y
A-8001,A80,A*80:01:01:01,C,C,WD,Q,R,M,E,E,E,R,N,V,T,N,A,R,G,D,G,N,M,K,R,A,R,E,E,D,G,Y
