Antigen,Protein,CIWD3.0,CWD2.0,EURCWD,9,10,11,12,13,16,47,58,60,67,70,71,74
DR0101,DRB1*01:01,C,C,C,W,Q,L,K,F,H,F/Y,A,Y,I/L,Q,R/K,A
DR0103,DRB1*01:03,C,C,C,W,Q,L,K,F,H,F/Y,A,Y,I/L,D,E,A
DR17,DRB1*03:01,C,C,C,E,Y,S,T,S,H,F,A,Y,I/L,Q,R/K,R
DR18,DRB1*03:02,C,C,C,E,Y,S,T,S,H,Y,A,Y,I/L,Q,R/K,R
DR0401,DRB1*04:01,C,C,C,E,Q,V,K,H,H,F/Y,A,Y,I/L,Q,R/K,A
DR0402,DRB1*04:02,C,C,C,E,Q,V,K,H,H,F/Y,A,Y,I/L,D,E,A
DR0403,DRB1*04:03,C,C,C,E,Q,V,K,H,H,F/Y,A,Y,I/L,Q,R/K,E
DR0412,DRB1*04:12,,WD,,E,Q,V,K,H,H,F/Y,A,Y,I/L,D,R/K,L
DR0415,DRB1*04:15,WD,WD,WD,E,Q,V,K,H,H,F/Y,E,Y,F,D,R/K,A
DR7,DRB1*07:01,C,C,C,W,Q,G,K,Y,H,F/Y,A,S,I/L,D,R/K,Q
DR0801,DRB1*08:01,C,C,C,E,Y,S,T,G,Y,F/Y,A,Y,F,D,R/K,L
DR0803,DRB1*08:03,C,C,C,E,Y,S,T,G,Y,F/Y,A,Y,I/L,D,R/K,L
DR0808,DRB1*08:08,C,WD,,E,Y,S,T,G,Y,F/Y,A,H,F,D,R/K,L
DR0818,DRB1*08:18,I,WD,WD,E,Y,S,T,G,Y,F/Y,A,Y,I/L,D,R/K,A
DR9,DRB1*09:01,C,C,C,K,Q,D,K,F,H,F/Y,A,S,F,R,R/K,E
DR10,DRB1*10:01,C,C,C,E,E,V,K,F,H,F/Y,A,Y,I/L,R,R/K,A
DR1101,DRB1*11:01,C,C,C,E,Y,S,T,S,H,F/Y,E,Y,F,D,R/K,A
DR1102,DRB1*11:02,C,C,C,E,Y,S,T,S,H,F/Y,E,Y,I/L,D,E,A
DR1103,DRB1*11:03,C,C,C,E,Y,S,T,S,H,F/Y,E,Y,F,D,E,A
DR1105,DRB1*11:05,I,WD,,E,Y,S,T,G,H,F/Y,E,Y,F,D,R/K,A
DR1107,DRB1*11:07,I,WD,,E,Y,S,T,S,H,F/Y,E,Y,I/L,Q,R/K,R
DR1108,DRB1*11:08,C,WD,,E,Y,S,T,S,H,F/Y,E,Y,I/L,D,R/K,A
DR1117,DRB1*11:17,C,C,,E,Y,S,T,S,H,F/Y,E,Y,I/L,R,R/K,E
DR1201,DRB1*12:01,C,C,C,E,Y,S,T,G,Y,F/Y,A,S,I/L,D,R/K,A
DR1202,DRB1*12:02,C,C,C,E,Y,S,T,G,Y,F/Y,A,S,F,D,R/K,A
DR1301,DRB1*13:01,C,C,C,E,Y,S,T,S,H,F/Y,A,Y,I/L,D,E,A
DR1303,DRB1*13:03,C,C,C,E,Y,S,T,S,H,F/Y,A,Y,I/L,D,R/K,A
DR1305,DRB1*13:05,C,C,C,E,Y,S,T,S,H,F/Y,A,Y,F,D,R/K,A
DR1317,DRB1*13:17,WD,WD,WD,E,Y,S,T,G,Y,F/Y,A,Y,I/L,D,E,A
DR1339,DRB1*13:39,WD,WD,,E,Y,S,T,S,H,F/Y,A,S,I/L,D,E,A
DR1343,DRB1*13:43,,,,E,Y,S,T,S,H,F/Y,A,H,I/L,D,E,A
DR1401,DRB1*14:54,C,C,C,E,Y,S,T,S,H,F/Y,A,H,I/L,R,R/K,E
DR1402,DRB1*14:02,C,C,C,E,Y,S,T,S,H,F/Y,A,Y,I/L,Q,R/K,A
DR1403,DRB1*14:03,C,C,WD,E,Y,S,T,S,H,F/Y,A,Y,I/L,D,R/K,L
DR1404,DRB1*14:04,C,C,C,E,Y,S,T,G,Y,F/Y,A,H,I/L,R,R/K,E
DR1405,DRB1*14:05,C,C,WD,E,Y,S,T,S,Q,F/Y,A,Y,I/L,R,R/K,E
DR1410,DRB1*14:10,C,WD,,E,Q,V,K,H,H,F/Y,A,H,I/L,R,R/K,E
DR1411,DRB1*14:11,C,WD,,E,Y,S,T,G,Y,F/Y,E,Y,I/L,R,R/K,E
DR1414,DRB1*14:14,,WD,,E,Y,S,T,S,H,F/Y,A,Y,I/L,R,R/K,E
DR1422,DRB1*14:22,I,WD,,E,Y,S,T,S,H,F/Y,A,H,F,D,R/K,A
DR1424,DRB1*14:24,C,C,,E,Y,S,T,S,H,F/Y,A,Y,I/L,Q,A,A
DR1448,DRB1*14:48,C,WD,,E,Y,S,T,S,H,F/Y,A,S,I/L,Q,R/K,A
DR1501,DRB1*15:01,C,C,C,W,Q,P,K,R,H,F/Y,A,Y,I/L,Q,A,A
DR1504,DRB1*15:04,C,C,WD,W,Q,P,K,R,H,F/Y,A,Y,F,Q,A,A
DR1601,DRB1*16:01,C,C,C,W,Q,P,K,R,H,F/Y,A,Y,F,D,R/K,A
DR1602,DRB1*16:02,C,C,C,W,Q,P,K,R,H,F/Y,A,Y,I/L,D,R/K,A
