Antigen,Protein,CIWD3.0,CWD2.0,EURCWD,11,45,46,62,63,66,67,69,71,76,80,82,83,103,109,127,143,145,147,158,163,167,171,177,178,180
B0702,B*07:02,C,C,C,,E,,,N,,Y,A,A,E,,R,G,V,,,,,W,,E,,Y,,K,
B0703,B*07:03,I,WD,WD,,E,,,N,,Y,T,T,E,,R,G,V,,,,,W,,E,,Y,,K,
B0710,B*07:10,C,C,C,,E,,,N,,C,A,A,E,,R,G,V,,,,,W,,E,,Y,,K,
B0712,B*07:12,C,WD,,,E,,,N,,Y,A,A,E,,R,G,L,,,,,W,,E,,Y,,K,
B0713,B*07:13,WD,WD,,,G,,,E,,Y,R,A,V,,R,G,V,,,,,W,,E,,Y,,K,
B0715,B*07:15,I,WD,WD,,E,,,N,,Y,A,A,V,,R,G,V,,,,,W,,E,,Y,,K,
B0736,B*07:36,WD,WD,WD,,E,,,N,,Y,A,A,E,,L,R,V,,,,,W,,E,,Y,,K,
B0801,B*08:01,C,C,C,,E,,,N,,,T,T,E,,R,G,,,,,,,,T,,,D,,E
B0802,B*08:02,WD,WD,WD,,E,,,N,,,T,T,,,L,R,,,,,,,,T,,,D,,E
B13,B*13:02,C,C,C,,M,,,E,,,,,,,L,R,,,,,L,,,E,,,,T,
B64,B*14:01,C,C,C,S,E,,,,,C,,,E,,R,G,,,,,,,A,T,,H,,,
B65,B*14:02,C,C,C,A,E,,,,,C,,,E,,R,G,,,,,,,A,T,,H,,,
B1501,B*15:01,C,C,C,,M,A,R,E,I,S,T,,E,,R,G,V,,,T,,,A,L,W,Y,,T,Q
B1502,B*15:02,C,C,C,,M,A,R,N,I,S,T,,E,,R,G,V,,,T,,,A,L,W,Y,,T,Q
B1503,B*15:03,C,C,WD,,E,E,R,E,I,S,T,,E,,R,G,V,,,T,,,A,L,W,Y,,T,Q
B1510,B*15:10,C,C,C,,E,E,R,N,I,C,T,,E,,R,G,V,,,T,,,A,L,W,Y,,T,Q
B1511,B*15:11,C,C,WD,,M,A,R,N,I,Y,T,,E,,R,G,V,,,T,,,A,L,W,Y,,T,Q
B76,B*15:12,C,C,,,M,A,R,E,I,S,T,,E,,R,G,V,,,T,,,A,L,S/G,Y,,T,Q
B77,B*15:13,C,C,WD,,M,A,R,N,I,S,T,,E,,L,R,V,,,T,,,A,L,W,Y,,T,Q
B1516,B*15:16,C,C,WD,,M,A,R,E,,M,A,,E,,L,R,L,,,,,,,L,W,Y,,T,Q
B1517,B*15:17,C,C,C,,M,A,R,E,,M,A,,E,,L,R,V,,,,,,,L,W,Y,,T,Q
B1520,B*15:20,C,WD,,,M,A,R,E,I,S,T,,E,,R,G,L,,,T,,,A,L,W,Y,,T,Q
B1523,B*15:23,I,WD,,,E,E,R,N,,C,T,,E,,L,R,,,,,,,,L,W,,,T,
B1524,B*15:24,C,C,WD,,M,A,R,E,I,S,T,,E,,L,R,V,,,T,,,A,L,W,Y,,T,Q
B1529,B*15:29,C,WD,,,E,E,R,N,I,F,T,,E,,R,G,V,,,T,,,A,L,W,Y,,T,Q
B1537,B*15:37,C,WD,,,E,E,R,N,I,C,T,,E,,R,G,V,,,T,,,A,L,W,H,,T,Q
B1538,B*15:38,C,WD,,,M,A,R,E,I,S,T,,E,,R,G,V,,,T,,,A,L,W,H,,T,Q
B1540,B*15:40,C,WD,,,M,A,R,E,I,S,T,,E,,R,G,V,,,T,,,A,E,W,Y,,T,Q
B1542,B*15:42,WD,WD,,,M,A,R,E,I,S,T,,E,,R,G,L,,,T,,,A,T,W,Y,,T,Q
B1547,B*15:47,C,WD,,A,E,E,R,E,I,S,T,,E,,R,G,V,,,T,,,A,E,W,Y,,T,Q
B1548,B*15:48,C,WD,,,M,A,R,E,I,S,T,,E,,R,G,V,,,T,,,T,L,W,Y,,T,Q
B1552,B*15:52,C,WD,,,E,E,R,N,I,C,T,,E,,R,G,V,,,T,,,A,E,W,Y,,T,Q
B1801,B*18:01,C,C,C,,T,,,N,,,,,E,,R,G,,,N,,,,,T,,H,,,
B1805,B*18:05,C,WD,C,,T,,,N,,,,,E,,R,G,,,K,,,,,T,,H,,,
B1806,B*18:06,I,WD,WD,,T,,,N,,,,,V,,R,G,,,N,,,,,T,,H,,,
B1809,B*18:09,WD,,WD,,T,,,N,,,,,,,L,R,,,N,,,,,T,,H,,,
B2705,B*27:05,C,C,C,,E,,,E,,,,A,,,L,R,V,,,,,,,,,,,T,
B2708,B*27:08,C,C,,S,E,,,E,,C,,A,E,,R,G,,,,T,,,,E,,,,T,
B2712,B*27:12,C,WD,,S,E,E,R,E,I,C,T,,E,,R,G,V,,,T,,,A,E,W,Y,,T,Q
B2714,B*27:14,C,WD,,,E,,,E,,,,A,,,L,R,L,,,,,,,,,,,T,
B3501,B*35:01,C,C,C,,T,,,N,,F,,T,E,,R,G,L,L,,,,,,L,,Y,,,
B3502,B*35:02,C,C,C,,T,,,N,,F,,T,E,,R,G,L,F,,,,,,L,,Y,,,
B3510,B*35:10,C,WD,,,T,,,E,,F,,T,E,,R,G,L,L,,,,,,L,,Y,,,
B3512,B*35:12,C,C,WD,,T,,,N,,F,,T,E,,R,G,V,L,,,,,,L,,Y,,,
B3515,B*35:15,I,WD,WD,,T,,,N,,F,,T,E,,R,G,L,L,,,,,,E,,Y,,,
B3516,B*35:16,C,C,,,T,,,E,,F,,T,E,,R,G,V,L,,,,,,L,,Y,,,
B3519,B*35:19,C,C,,,K,,,N,,F,,T,E,,R,G,L,L,,,,,,L,,Y,,,
B3520,B*35:20,C,C,WD,,T,,,N,,S,,T,E,,R,G,L,L,,,,,,L,,Y,,,
B3521,B*35:21,C,C,WD,,T,,,,,,,,E,,R,G,L,,,,,,,L,,H,,,
B3528,B*35:28,C,WD,,,T,,,E,,S,,T,E,,R,G,L,L,,,,,,L,,Y,,,
B3531,B*35:31,C,WD,WD,,T,,,N,,F,,T,E,,R,G,V,L,,,,,,E,,Y,,,
B3701,B*37:01,C,C,C,,T,,R,E,,,,,E,,L,R,,,,,,,,T,,Y,,,
B3702,B*37:02,C,WD,,,T,,R,E,,,,,E,,L,R,,,,,,,,E,,Y,,,
B3704,B*37:04,C,,,,T,,R,E,,,,,E,,L,R,,,,,,,,T,,H,,,
B3705,B*37:05,WD,,,,T,,R,E,,,,,E,,R,G,,,,,,,,T,,Y,,,
B3801,B*38:01,C,C,C,,E,,,N,,C,,T,,,L,R,,,,,,,T,T,,Y,,,
B3803,B*38:03,I,,,,E,,,E,,S,,T,,,L,R,,,,,,,T,T,,Y,,,
B3806,B*38:06,WD,WD,,,T,,,N,,F,,T,,,L,R,,,,,,,T,T,,Y,,,
B3901,B*39:01,C,C,C,,E,,,N,,C,,T,E,,R,G,,,,,,,T,T,,,E,,
B3902,B*39:02,C,C,,,E,,,E,,S,,T,E,,R,G,,,,,,,T,T,,,E,,
B3910,B*39:10,C,C,C,,E,,,N,,Y,,T,E,,R,G,,,,,,,T,T,,,E,,
B4001,B*40:01,C,C,C,,K,E,,E,,S,,,E,,R,G,V,,,S,,L,,E,,,,K,
B4002,B*40:02,C,C,C,,K,E,,E,,S,,,E,,R,G,V,,,T,,W,,E,,,,T,
B4004,B*40:04,C,WD,,,K,E,,E,,S,,,E,,R,G,L,,,T,,W,,E,,,,T,
B4005,B*40:05,C,C,,,K,E,,E,,,,,E,,R,G,V,,,,,,,L,W,,,T,
B4008,B*40:08,C,C,WD,,K,E,,N,,F,,,E,,R,G,V,,,T,,W,,E,,,,T,
B4013,B*40:13,C,WD,,,K,,,E,,F,,T,,,L,R,,,,T,,,,E,,,E,,
B4016,B*40:16,C,C,WD,,K,E,,E,,S,,,E,,R,G,V,,,T,,W,,E,,,,K,
B4021,B*40:21,WD,,,,M,A,,E,,S,,,E,,R,G,V,,,S,,L,,E,,,,K,
B4023,B*40:23,C,WD,WD,,K,E,,E,,S,,,E,,R,G,V,,,S,,W,,E,,,,K,
B4047,B*40:47,WD,,WD,,K,,,E,,S,,T,,,L,R,,,,S,,,,E,,,D,,
B41,B*41:01,C,C,C,,K,,,E,,,,T,E,,,G,,,,,,,,T,W,,D,T,E
B42,B*42:01,C,C,C,,E,,,,,Y,A,A,E,,R,G,,,,,,,,T,,,D,T,E
B4402,B*44:02,C,C,C,,K,,R,E,,S,,,,,L,R,V,,,,,,A,L,S/G,,,,
B4404,B*44:04,C,C,WD,,K,,R,E,,S,,,,,L,R,V,,,,,,A,T,S/G,,,,
B4406,B*44:06,I,WD,,,T,,R,N,,F,,,,,L,R,V,,,,,,A,L,S/G,Y,,,
B4408,B*44:08,I,WD,,,M,,R,E,,S,,,,,L,R,V,,,,,,A,L,S/G,,,,
B4410,B*44:10,C,C,,,K,,R,E,,S,,,,,L,R,L,,,,,,A,L,S/G,,,,
B4429,B*44:29,C,WD,,,K,,R,E,,S,,,,,L,R,V,,,,,,T,L,S/G,,,,
B45,B*45:01,C,C,C,,K,,,E,,,,,E,,R,G,,,,,,,,L,S/G,,,,
B46,B*46:01,C,C,WD,,M,A,R,E,,,R,,V,,R,G,,,,,,,,L,W,,,,
B4701,B*47:01,C,C,C,,K,,,E,,S,,T,,,L,R,,,,T,,,,E,,,E,,
B4801,B*48:01,C,C,WD,,E,,,E,,,,T,E,,R,G,,,,S,,,,E,W,,D,K,E
B4802,B*48:02,C,WD,WD,,E,E,R,E,I,S,T,,E,,R,G,L,,,T,,,A,L,W,Y,,T,Q
B4804,B*48:04,C,WD,,,E,,,E,,,,T,E,,R,G,,,,S,,,,E,W,,E,T,Q
B4805,B*48:05,WD,WD,,,E,,,E,,,,T,E,,R,G,,,,T,,,,E,W,,D,K,E
B49,B*49:01,C,C,C,,K,E,,E,,,,,,,L,R,L,,,,,,,L,W,,,T,
B50,B*50:01,C,C,C,,K,E,,E,,,,,E,,R,G,L,,,,,,,L,W,,,T,
B5101,B*51:01,C,C,C,,T,,R,N,,F,,,,,L,R,V,,,,,,A,L,W,H,,,
B5102,B*51:02,C,C,C,,T,,R,N,,F,,,,,L,R,V,,,,,,A,L,W,Y,,,
B5103,B*51:03,,WD,WD,,T,,R,N,,F,,,,,L,R,V,,,,,,A,L,S/G,H,,,
B5107,B*51:07,C,C,C,,T,,R,N,,S,,,,,L,R,V,,,,,,A,L,W,H,,,
B5119,B*51:19,C,WD,WD,,T,,R,N,,F,,,,,L,R,V,,,,,,T,L,W,H,,,
B52,B*52:01,C,C,C,,T,,R,E,,S,,,,,L,R,,,,,,,A,L,W,H,,,
B53,B*53:01,C,C,C,,T,,,N,,,,T,,,L,R,L,,,,,,,L,,Y,,,
B54,B*54:01,C,C,,,G,,,N,,Y,A,,E,,,G,L,,,,,,A,T,W,,E,T,Q
B5501,B*55:01,C,C,C,,E,,,N,,Y,A,,E,,,G,L,,,,,,A,T,W,,E,T,Q
B5504,B*55:04,C,WD,,,E,,,N,,Y,A,,E,,,G,V,,,,,,A,T,W,,E,T,Q
B5601,B*56:01,C,C,C,,E,,,N,,Y,A,,E,,,G,L,,,,,,A,L,W,,E,T,Q
B5603,B*56:03,C,WD,WD,,E,,,N,,Y,A,,E,,,G,V,,,,,,A,L,W,,E,T,Q
B57,B*57:01,C,C,C,,M,A,G,E,,,A,,,,,R,,,,,,,,L,,,,,
B58,B*58:01,C,C,C,,T,E,G,E,,,A,,,,,R,,,,,,,,L,,,,,
B59,B*59:01,C,C,,,E,,,N,,F,,T,,,L,R,,,,,,,,T,,Y,E,,
B6701,B*67:01,C,C,WD,,E,,,,,Y,,A,E,,R,G,V,,,,,,T,T,,,,,
B6702,B*67:02,WD,WD,,,G,,,,,Y,,A,V,,R,G,V,,,,,,T,T,,,,,
B73,B*73:01,C,C,C,,E,,,N,,C,,,V,,R,G,,,,,,,,E,,,,T,
B7801,B*78:01,C,C,C,,T,,,,,,,,E,,R,G,V,,,,,,,L,,H,,,
B81,B*81:01,C,C,WD,,E,,,,,,A,A,E,,R,G,,,,,,L,,E,,,,K,
B82,B*82:01,C,C,WD,,E,,,N,,Y,A,A,E,,R,G,,,,,,,,,S/G,,,T,
