Serotype,WHOAccepted,Allele,CIWD3.0,CWD2.0,EURCWD,24,45,49,66,73,76,77,80,82,83,91,99,138,143,147,158,163,173,175,177
C-0102,Cw1,C*01:02:01:01,C,C,C,S,G,A,K,T,V,S,N,R,G,G,C,T,T,W,A,T,E,G,E
C-0114,Cw1,C*01:14,WD,,,S,G,A,K,T,V,N,K,R,G,G,C,T,T,W,A,T,E,G,E
C-0202,Cw2,C*02:02:01,C,C,C,A,G,A,K,T,V,N,K,R,G,G,Y,T,T,W,A,E,E,G,E
C-0227,Cw2,C*02:27:01,I,,,A,G,A,K,T,V,S,N,R,G,G,Y,T,T,W,A,E,E,G,E
C-0303,Cw9,C*03:03:01:01,C,C,C,A,G,A,K,T,V,S,N,R,G,R,Y,T,T,W,A,L,K,G,E
C-0304,Cw10,C*03:04:01:01,C,C,C,A,G,A,K,T,V,S,N,R,G,G,Y,T,T,W,A,L,K,G,E
C-0307,Cw10,C*03:07:01:01,C,WD,,A,G,A,K,T,V,N,K,R,G,G,Y,T,T,W,A,L,K,G,E
C-0401,Cw4,C*04:01:01:01,C,C,C,A,G,E,K,A,V,N,K,R,G,G,F,T,T,W,A,T,E,G,E
C-0403,Cw4,C*04:03:01:01,C,C,C,A,G,A,K,A,V,N,K,R,G,G,F,T,T,W,A,T,E,G,E
C-0408,Cw4,C*04:08,C,WD,,A,G,E,K,A,V,N,K,R,G,G,F,T,T,W,A,L,E,G,E
C-0410,Cw4,C*04:10,C,WD,,A,G,E,K,T,V,N,K,R,G,G,F,T,T,W,A,T,E,G,E
C-0501,Cw5,C*05:01:01:01,C,C,C,A,G,A,K,T,V,N,K,R,G,G,Y,K,T,W,A,T,E,G,K
C-0509,Cw5,C*05:09:01,C,WD,WD,A,G,A,K,T,V,N,K,R,G,G,Y,K,T,W,A,T,E,G,E
C-0810,Cw5,C*08:10,C,WD,,A,G,A,K,T,V,N,K,R,G,G,Y,T,T,W,A,T,E,G,K
C-0602,Cw6,C*06:02:01:01,C,C,C,S,G,A,K,A,V,N,K,R,G,G,Y,T,T,W,A,T,E,G,E
C-0608,Cw6,C*06:08,C,WD,,S,G,A,K,A,V,N,K,R,G,G,Y,T,T,W,A,E,E,G,E
C-0701,Cw7,C*07:01:01:01,C,C,C,S,G,A,N,A,V,S,N,R,G,G,Y,T,T,L,A,T,E,G,E
C-0702,Cw7,C*07:02:01:01,C,C,C,S,G,A,K,A,V,S,N,R,G,G,S,T,T,L,A,T,E,G,E
C-0704,Cw7,C*07:04:01:01,C,C,C,S,G,A,K,A,V,S,N,R,G,G,Y,T,T,L,A,T,E,G,K
C-0707,Cw7,C*07:07,I,WD,C,S,G,A,N,A,V,N,K,R,G,G,Y,T,T,L,A,T,E,G,E
C-0801,Cw8,C*08:01:01:01,C,C,C,A,G,A,K,T,V,S,N,R,G,G,Y,T,T,W,A,T,E,G,K
C-0802,Cw8,C*08:02:01:01,C,C,C,A,G,A,K,T,V,S,N,R,G,G,Y,K,T,W,A,T,E,G,K
C-0803,Cw8,C*08:03:01:01,C,C,,A,G,A,K,T,V,S,N,R,G,G,Y,T,T,W,A,T,E,R,K
C-1202,Cw12,C*12:02:01,C,C,C,A,G,A,K,A,V,S,N,R,G,G,Y,T,T,W,A,T,E,G,E
C-1204,Cw12,C*12:04:01,C,C,,A,G,A,K,A,V,N,K,R,G,G,Y,T,T,W,A,T,E,G,E
C-1212,Cw12,C*12:12,C,WD,,A,G,A,K,A,E,S,N,R,G,G,Y,T,T,W,A,T,E,G,E
C-1402,Cw14,C*14:02:01:01,C,C,C,A,G,A,K,T,V,S,N,R,G,G,F,T,T,W,A,T,E,G,E
C-1502,Cw15,C*15:02:01:01,C,C,C,A,G,A,N,T,V,N,K,R,G,G,Y,T,T,W,A,T,E,G,E
C-1507,Cw15,C*15:07:01:01,C,WD,WD,A,G,A,N,T,V,S,N,R,G,G,Y,T,T,W,A,T,E,G,E
C-1601,Cw16,C*16:01:01:01,C,C,C,A,G,A,K,T,V,S,N,R,G,G,Y,T,T,W,A,T,E,G,E
C-1602,Cw16,C*16:02:01:01,C,C,C,A,G,A,K,T,V,N,K,R,G,G,Y,T,T,W,A,T,E,G,E
C-1701,Cw17,C*17:01:01:02,C,C,C,A,G,A,K,A,V,N,K,R,G,G,Y,T,S,L,A,E,E,G,E
C-1801,Cw18,C*18:01:01:01,C,C,WD,S,G,A,K,A,V,N,K,R,G,G,F,T,T,W,A,T,E,G,E
